Workbook

Sheet PAGAMENTO
A1: Joels Soares | B1: OK
A2: Lucas Joels | B2: OK
A3: Tuka | B3: OK
A4: Barrão | B4: OK
A5: Zé Luis | B5: OK
A6: Nelson Emoção | B6: OK
A7: Nelson Razão | B7: OK
A8: Davi | B8: OK
A9: Mekler | B9: OK
A10: José | B10: OK
A11: Noé | B11: OK
A12: Pedro Hersz
A13: Matheus | B13: OK
A14: Daniel | B14: OK
A15: Jê | B15: OK
A16: Quito | B16: OK
A17: Diana | B17: OK
A18: Humberto
A19: Laufer
A20: Bento
A21: Tello

Sheet APOSTAS
B2: SEU NOME AQUI | H2: DATA | K2: CLASSIFICAÇÃO | T2: PONTUAÇÃO
T3: TOTAL | U3: =SUM(U5:U10,U13:U18,U21:U26,U29:U34,U37:U42,U45:U50,U53:U58,U61:U66) -> 0
B4: GRUPO A | H4: DIA | I4: HORA
B5: México | D5: x | F5: África do Sul | H5: 46184 | I5: 0.66666667 | L5: P | M5: SG | N5: GP | O5: GC | P5: V | Q5: E | R5: D | T5: =IF(NOT(AND(ISNUMBER(C5),ISNUMBER(E5))),"XXX","") -> XXX | U5: =SUM(Y5,Z5,AA5, AB5) -> 0 | Y5: =IF(AND(ISNUMBER(RESULTADOS!C5),ISNUMBER(RESULTADOS!E5),ISNUMBER(C5),ISNUMBER(E5),C5=RESULTADOS!C5,E5=RESULTADOS!E5),2,0) -> 0 | Z5: =IF(AND(ISNUMBER(RESULTADOS!C5),ISNUMBER(RESULTADOS!E5),ISNUMBER(C5),ISNUMBER(E5)),IF(OR(AND(C5>E5,RESULTADOS!C5>RESULTADOS!E5),AND(C5<E5,RESULTADOS!C5<RESULTADOS!E5)),1,IF(AND(C5=E5,RESULTADOS!C5=RESULTADOS!E5),2,0)),0) -> 0 | AA5: =IF(AND(ISNUMBER(RESULTADOS!C5),ISNUMBER(RESULTADOS!E5),ISNUMBER(C5),ISNUMBER(E5),AND(Z5=1,OR(C5=RESULTADOS!C5,E5=RESULTADOS!E5))),1,0) -> 0 | AB5: =IF( AND( ISNUMBER(RESULTADOS!C5), ISNUMBER(RESULTADOS!E5), ISNUMBER(C5), ISNUMBER(E5), AND(Z5=1,AA5=0,(RESULTADOS!C5-RESULTADOS!E5)=(C5-E5)) ), 1, 0 ) -> 0
B6: Coreia do Sul | D6: x | F6: República Tcheca | H6: 46184 | I6: 0.95833333 | K6: Coreia do Sul | L6: =SUM(IF(AND(ISNUMBER(INDIRECT($AC6)),INDIRECT($AC6)>INDIRECT($AF6)),3,IF(AND(ISNUMBER(INDIRECT($AC6)),INDIRECT($AC6)=INDIRECT($AF6)),1,0)),IF(AND(ISNUMBER(INDIRECT($AD6)),INDIRECT($AD6)>INDIRECT($AG6)),3,IF(AND(ISNUMBER(INDIRECT($AD6)),INDIRECT($AD6)=INDIRECT($AG6)),1,0)),IF(AND(ISNUMBER(INDIRECT($AE6)),INDIRECT($AE6)>INDIRECT($AH6)),3,IF(AND(ISNUMBER(INDIRECT($AE6)),INDIRECT($AE6)=INDIRECT($AH6)),1,0))) -> 0 | M6: =N6-O6 -> 0 | N6: =SUM(INDIRECT($AC6),INDIRECT($AD6),INDIRECT($AE6)) -> 0 | O6: =SUM(INDIRECT($AF6),INDIRECT($AG6),INDIRECT($AH6)) -> 0 | P6: =SUM(IF(AND(ISNUMBER(INDIRECT($AC6)),INDIRECT($AC6)>INDIRECT($AF6)),1,0),IF(AND(ISNUMBER(INDIRECT($AD6)),INDIRECT($AD6)>INDIRECT($AG6)),1,0),IF(AND(ISNUMBER(INDIRECT($AE6)),INDIRECT($AE6)>INDIRECT($AH6)),1,0)) -> 0 | Q6: =SUM(IF(AND(ISNUMBER(INDIRECT($AC6)),INDIRECT($AC6)=INDIRECT($AF6)),1,0),IF(AND(ISNUMBER(INDIRECT($AD6)),INDIRECT($AD6)=INDIRECT($AG6)),1,0),IF(AND(ISNUMBER(INDIRECT($AE6)),INDIRECT($AE6)=INDIRECT($AH6)),1,0)) -> 0 | R6: =SUM(IF(AND(ISNUMBER(INDIRECT($AC6)),INDIRECT($AC6)<INDIRECT($AF6)),1,0),IF(AND(ISNUMBER(INDIRECT($AD6)),INDIRECT($AD6)<INDIRECT($AG6)),1,0),IF(AND(ISNUMBER(INDIRECT($AE6)),INDIRECT($AE6)<INDIRECT($AH6)),1,0)) -> 0 | T6: =IF(NOT(AND(ISNUMBER(C6),ISNUMBER(E6))),"XXX","") -> XXX | U6: =SUM(Y6,Z6,AA6, AB6) -> 0 | Y6: =IF(AND(ISNUMBER(RESULTADOS!C6),ISNUMBER(RESULTADOS!E6),ISNUMBER(C6),ISNUMBER(E6),C6=RESULTADOS!C6,E6=RESULTADOS!E6),2,0) -> 0 | Z6: =IF(AND(ISNUMBER(RESULTADOS!C6),ISNUMBER(RESULTADOS!E6),ISNUMBER(C6),ISNUMBER(E6)),IF(OR(AND(C6>E6,RESULTADOS!C6>RESULTADOS!E6),AND(C6<E6,RESULTADOS!C6<RESULTADOS!E6)),1,IF(AND(C6=E6,RESULTADOS!C6=RESULTADOS!E6),2,0)),0) -> 0 | AA6: =IF(AND(ISNUMBER(RESULTADOS!C6),ISNUMBER(RESULTADOS!E6),ISNUMBER(C6),ISNUMBER(E6),AND(Z6=1,OR(C6=RESULTADOS!C6,E6=RESULTADOS!E6))),1,0) -> 0 | AB6: =IF( AND( ISNUMBER(RESULTADOS!C6), ISNUMBER(RESULTADOS!E6), ISNUMBER(C6), ISNUMBER(E6), AND(Z6=1,AA6=0,(RESULTADOS!C6-RESULTADOS!E6)=(C6-E6)) ), 1, 0 ) -> 0 | AC6: C6 | AD6: E8 | AE6: E9 | AF6: =IF(ISNUMBER(FIND("C", AC6, 1)), SUBSTITUTE(AC6, "C", "E"), SUBSTITUTE(AC6, "E", "C")) -> E6 | AG6: =IF(ISNUMBER(FIND("C", AD6, 1)), SUBSTITUTE(AD6, "C", "E"), SUBSTITUTE(AD6, "E", "C")) -> C8 | AH6: =IF(ISNUMBER(FIND("C", AE6, 1)), SUBSTITUTE(AE6, "C", "E"), SUBSTITUTE(AE6, "E", "C")) -> C9
B7: República Tcheca | D7: x | F7: África do Sul | H7: 46191 | I7: 0.54166667 | K7: México | L7: =SUM(IF(AND(ISNUMBER(INDIRECT($AC7)),INDIRECT($AC7)>INDIRECT($AF7)),3,IF(AND(ISNUMBER(INDIRECT($AC7)),INDIRECT($AC7)=INDIRECT($AF7)),1,0)),IF(AND(ISNUMBER(INDIRECT($AD7)),INDIRECT($AD7)>INDIRECT($AG7)),3,IF(AND(ISNUMBER(INDIRECT($AD7)),INDIRECT($AD7)=INDIRECT($AG7)),1,0)),IF(AND(ISNUMBER(INDIRECT($AE7)),INDIRECT($AE7)>INDIRECT($AH7)),3,IF(AND(ISNUMBER(INDIRECT($AE7)),INDIRECT($AE7)=INDIRECT($AH7)),1,0))) -> 0 | M7: =N7-O7 -> 0 | N7: =SUM(INDIRECT($AC7),INDIRECT($AD7),INDIRECT($AE7)) -> 0 | O7: =SUM(INDIRECT($AF7),INDIRECT($AG7),INDIRECT($AH7)) -> 0 | P7: =SUM(IF(AND(ISNUMBER(INDIRECT($AC7)),INDIRECT($AC7)>INDIRECT($AF7)),1,0),IF(AND(ISNUMBER(INDIRECT($AD7)),INDIRECT($AD7)>INDIRECT($AG7)),1,0),IF(AND(ISNUMBER(INDIRECT($AE7)),INDIRECT($AE7)>INDIRECT($AH7)),1,0)) -> 0 | Q7: =SUM(IF(AND(ISNUMBER(INDIRECT($AC7)),INDIRECT($AC7)=INDIRECT($AF7)),1,0),IF(AND(ISNUMBER(INDIRECT($AD7)),INDIRECT($AD7)=INDIRECT($AG7)),1,0),IF(AND(ISNUMBER(INDIRECT($AE7)),INDIRECT($AE7)=INDIRECT($AH7)),1,0)) -> 0 | R7: =SUM(IF(AND(ISNUMBER(INDIRECT($AC7)),INDIRECT($AC7)<INDIRECT($AF7)),1,0),IF(AND(ISNUMBER(INDIRECT($AD7)),INDIRECT($AD7)<INDIRECT($AG7)),1,0),IF(AND(ISNUMBER(INDIRECT($AE7)),INDIRECT($AE7)<INDIRECT($AH7)),1,0)) -> 0 | T7: =IF(NOT(AND(ISNUMBER(C7),ISNUMBER(E7))),"XXX","") -> XXX | U7: =SUM(Y7,Z7,AA7, AB7) -> 0 | Y7: =IF(AND(ISNUMBER(RESULTADOS!C7),ISNUMBER(RESULTADOS!E7),ISNUMBER(C7),ISNUMBER(E7),C7=RESULTADOS!C7,E7=RESULTADOS!E7),2,0) -> 0 | Z7: =IF(AND(ISNUMBER(RESULTADOS!C7),ISNUMBER(RESULTADOS!E7),ISNUMBER(C7),ISNUMBER(E7)),IF(OR(AND(C7>E7,RESULTADOS!C7>RESULTADOS!E7),AND(C7<E7,RESULTADOS!C7<RESULTADOS!E7)),1,IF(AND(C7=E7,RESULTADOS!C7=RESULTADOS!E7),2,0)),0) -> 0 | AA7: =IF(AND(ISNUMBER(RESULTADOS!C7),ISNUMBER(RESULTADOS!E7),ISNUMBER(C7),ISNUMBER(E7),AND(Z7=1,OR(C7=RESULTADOS!C7,E7=RESULTADOS!E7))),1,0) -> 0 | AB7: =IF( AND( ISNUMBER(RESULTADOS!C7), ISNUMBER(RESULTADOS!E7), ISNUMBER(C7), ISNUMBER(E7), AND(Z7=1,AA7=0,(RESULTADOS!C7-RESULTADOS!E7)=(C7-E7)) ), 1, 0 ) -> 0 | AC7: C5 | AD7: C8 | AE7: E10 | AF7: =IF(ISNUMBER(FIND("C", AC7, 1)), SUBSTITUTE(AC7, "C", "E"), SUBSTITUTE(AC7, "E", "C")) -> E5 | AG7: =IF(ISNUMBER(FIND("C", AD7, 1)), SUBSTITUTE(AD7, "C", "E"), SUBSTITUTE(AD7, "E", "C")) -> E8 | AH7: =IF(ISNUMBER(FIND("C", AE7, 1)), SUBSTITUTE(AE7, "C", "E"), SUBSTITUTE(AE7, "E", "C")) -> C10
B8: México | D8: x | F8: Coreia do Sul | H8: 46191 | I8: 0.91666667 | K8: República Tcheca | L8: =SUM(IF(AND(ISNUMBER(INDIRECT($AC8)),INDIRECT($AC8)>INDIRECT($AF8)),3,IF(AND(ISNUMBER(INDIRECT($AC8)),INDIRECT($AC8)=INDIRECT($AF8)),1,0)),IF(AND(ISNUMBER(INDIRECT($AD8)),INDIRECT($AD8)>INDIRECT($AG8)),3,IF(AND(ISNUMBER(INDIRECT($AD8)),INDIRECT($AD8)=INDIRECT($AG8)),1,0)),IF(AND(ISNUMBER(INDIRECT($AE8)),INDIRECT($AE8)>INDIRECT($AH8)),3,IF(AND(ISNUMBER(INDIRECT($AE8)),INDIRECT($AE8)=INDIRECT($AH8)),1,0))) -> 0 | M8: =N8-O8 -> 0 | N8: =SUM(INDIRECT($AC8),INDIRECT($AD8),INDIRECT($AE8)) -> 0 | O8: =SUM(INDIRECT($AF8),INDIRECT($AG8),INDIRECT($AH8)) -> 0 | P8: =SUM(IF(AND(ISNUMBER(INDIRECT($AC8)),INDIRECT($AC8)>INDIRECT($AF8)),1,0),IF(AND(ISNUMBER(INDIRECT($AD8)),INDIRECT($AD8)>INDIRECT($AG8)),1,0),IF(AND(ISNUMBER(INDIRECT($AE8)),INDIRECT($AE8)>INDIRECT($AH8)),1,0)) -> 0 | Q8: =SUM(IF(AND(ISNUMBER(INDIRECT($AC8)),INDIRECT($AC8)=INDIRECT($AF8)),1,0),IF(AND(ISNUMBER(INDIRECT($AD8)),INDIRECT($AD8)=INDIRECT($AG8)),1,0),IF(AND(ISNUMBER(INDIRECT($AE8)),INDIRECT($AE8)=INDIRECT($AH8)),1,0)) -> 0 | R8: =SUM(IF(AND(ISNUMBER(INDIRECT($AC8)),INDIRECT($AC8)<INDIRECT($AF8)),1,0),IF(AND(ISNUMBER(INDIRECT($AD8)),INDIRECT($AD8)<INDIRECT($AG8)),1,0),IF(AND(ISNUMBER(INDIRECT($AE8)),INDIRECT($AE8)<INDIRECT($AH8)),1,0)) -> 0 | T8: =IF(NOT(AND(ISNUMBER(C8),ISNUMBER(E8))),"XXX","") -> XXX | U8: =SUM(Y8,Z8,AA8, AB8) -> 0 | Y8: =IF(AND(ISNUMBER(RESULTADOS!C8),ISNUMBER(RESULTADOS!E8),ISNUMBER(C8),ISNUMBER(E8),C8=RESULTADOS!C8,E8=RESULTADOS!E8),2,0) -> 0 | Z8: =IF(AND(ISNUMBER(RESULTADOS!C8),ISNUMBER(RESULTADOS!E8),ISNUMBER(C8),ISNUMBER(E8)),IF(OR(AND(C8>E8,RESULTADOS!C8>RESULTADOS!E8),AND(C8<E8,RESULTADOS!C8<RESULTADOS!E8)),1,IF(AND(C8=E8,RESULTADOS!C8=RESULTADOS!E8),2,0)),0) -> 0 | AA8: =IF(AND(ISNUMBER(RESULTADOS!C8),ISNUMBER(RESULTADOS!E8),ISNUMBER(C8),ISNUMBER(E8),AND(Z8=1,OR(C8=RESULTADOS!C8,E8=RESULTADOS!E8))),1,0) -> 0 | AB8: =IF( AND( ISNUMBER(RESULTADOS!C8), ISNUMBER(RESULTADOS!E8), ISNUMBER(C8), ISNUMBER(E8), AND(Z8=1,AA8=0,(RESULTADOS!C8-RESULTADOS!E8)=(C8-E8)) ), 1, 0 ) -> 0 | AC8: E6 | AD8: C7 | AE8: C10 | AF8: =IF(ISNUMBER(FIND("C", AC8, 1)), SUBSTITUTE(AC8, "C", "E"), SUBSTITUTE(AC8, "E", "C")) -> C6 | AG8: =IF(ISNUMBER(FIND("C", AD8, 1)), SUBSTITUTE(AD8, "C", "E"), SUBSTITUTE(AD8, "E", "C")) -> E7 | AH8: =IF(ISNUMBER(FIND("C", AE8, 1)), SUBSTITUTE(AE8, "C", "E"), SUBSTITUTE(AE8, "E", "C")) -> E10
B9: África do Sul | D9: x | F9: Coreia do Sul | H9: 46197 | I9: 0.91666667 | K9: África do Sul | L9: =SUM(IF(AND(ISNUMBER(INDIRECT($AC9)),INDIRECT($AC9)>INDIRECT($AF9)),3,IF(AND(ISNUMBER(INDIRECT($AC9)),INDIRECT($AC9)=INDIRECT($AF9)),1,0)),IF(AND(ISNUMBER(INDIRECT($AD9)),INDIRECT($AD9)>INDIRECT($AG9)),3,IF(AND(ISNUMBER(INDIRECT($AD9)),INDIRECT($AD9)=INDIRECT($AG9)),1,0)),IF(AND(ISNUMBER(INDIRECT($AE9)),INDIRECT($AE9)>INDIRECT($AH9)),3,IF(AND(ISNUMBER(INDIRECT($AE9)),INDIRECT($AE9)=INDIRECT($AH9)),1,0))) -> 0 | M9: =N9-O9 -> 0 | N9: =SUM(INDIRECT($AC9),INDIRECT($AD9),INDIRECT($AE9)) -> 0 | O9: =SUM(INDIRECT($AF9),INDIRECT($AG9),INDIRECT($AH9)) -> 0 | P9: =SUM(IF(AND(ISNUMBER(INDIRECT($AC9)),INDIRECT($AC9)>INDIRECT($AF9)),1,0),IF(AND(ISNUMBER(INDIRECT($AD9)),INDIRECT($AD9)>INDIRECT($AG9)),1,0),IF(AND(ISNUMBER(INDIRECT($AE9)),INDIRECT($AE9)>INDIRECT($AH9)),1,0)) -> 0 | Q9: =SUM(IF(AND(ISNUMBER(INDIRECT($AC9)),INDIRECT($AC9)=INDIRECT($AF9)),1,0),IF(AND(ISNUMBER(INDIRECT($AD9)),INDIRECT($AD9)=INDIRECT($AG9)),1,0),IF(AND(ISNUMBER(INDIRECT($AE9)),INDIRECT($AE9)=INDIRECT($AH9)),1,0)) -> 0 | R9: =SUM(IF(AND(ISNUMBER(INDIRECT($AC9)),INDIRECT($AC9)<INDIRECT($AF9)),1,0),IF(AND(ISNUMBER(INDIRECT($AD9)),INDIRECT($AD9)<INDIRECT($AG9)),1,0),IF(AND(ISNUMBER(INDIRECT($AE9)),INDIRECT($AE9)<INDIRECT($AH9)),1,0)) -> 0 | T9: =IF(NOT(AND(ISNUMBER(C9),ISNUMBER(E9))),"XXX","") -> XXX | U9: =SUM(Y9,Z9,AA9, AB9) -> 0 | Y9: =IF(AND(ISNUMBER(RESULTADOS!C9),ISNUMBER(RESULTADOS!E9),ISNUMBER(C9),ISNUMBER(E9),C9=RESULTADOS!C9,E9=RESULTADOS!E9),2,0) -> 0 | Z9: =IF(AND(ISNUMBER(RESULTADOS!C9),ISNUMBER(RESULTADOS!E9),ISNUMBER(C9),ISNUMBER(E9)),IF(OR(AND(C9>E9,RESULTADOS!C9>RESULTADOS!E9),AND(C9<E9,RESULTADOS!C9<RESULTADOS!E9)),1,IF(AND(C9=E9,RESULTADOS!C9=RESULTADOS!E9),2,0)),0) -> 0 | AA9: =IF(AND(ISNUMBER(RESULTADOS!C9),ISNUMBER(RESULTADOS!E9),ISNUMBER(C9),ISNUMBER(E9),AND(Z9=1,OR(C9=RESULTADOS!C9,E9=RESULTADOS!E9))),1,0) -> 0 | AB9: =IF( AND( ISNUMBER(RESULTADOS!C9), ISNUMBER(RESULTADOS!E9), ISNUMBER(C9), ISNUMBER(E9), AND(Z9=1,AA9=0,(RESULTADOS!C9-RESULTADOS!E9)=(C9-E9)) ), 1, 0 ) -> 0 | AC9: E5 | AD9: E7 | AE9: C9 | AF9: =IF(ISNUMBER(FIND("C", AC9, 1)), SUBSTITUTE(AC9, "C", "E"), SUBSTITUTE(AC9, "E", "C")) -> C5 | AG9: =IF(ISNUMBER(FIND("C", AD9, 1)), SUBSTITUTE(AD9, "C", "E"), SUBSTITUTE(AD9, "E", "C")) -> C7 | AH9: =IF(ISNUMBER(FIND("C", AE9, 1)), SUBSTITUTE(AE9, "C", "E"), SUBSTITUTE(AE9, "E", "C")) -> E9
B10: República Tcheca | D10: x | F10: México | H10: 46197 | I10: 0.91666667 | T10: =IF(NOT(AND(ISNUMBER(C10),ISNUMBER(E10))),"XXX","") -> XXX | U10: =SUM(Y10,Z10,AA10, AB10) -> 0 | Y10: =IF(AND(ISNUMBER(RESULTADOS!C10),ISNUMBER(RESULTADOS!E10),ISNUMBER(C10),ISNUMBER(E10),C10=RESULTADOS!C10,E10=RESULTADOS!E10),2,0) -> 0 | Z10: =IF(AND(ISNUMBER(RESULTADOS!C10),ISNUMBER(RESULTADOS!E10),ISNUMBER(C10),ISNUMBER(E10)),IF(OR(AND(C10>E10,RESULTADOS!C10>RESULTADOS!E10),AND(C10<E10,RESULTADOS!C10<RESULTADOS!E10)),1,IF(AND(C10=E10,RESULTADOS!C10=RESULTADOS!E10),2,0)),0) -> 0 | AA10: =IF(AND(ISNUMBER(RESULTADOS!C10),ISNUMBER(RESULTADOS!E10),ISNUMBER(C10),ISNUMBER(E10),AND(Z10=1,OR(C10=RESULTADOS!C10,E10=RESULTADOS!E10))),1,0) -> 0 | AB10: =IF( AND( ISNUMBER(RESULTADOS!C10), ISNUMBER(RESULTADOS!E10), ISNUMBER(C10), ISNUMBER(E10), AND(Z10=1,AA10=0,(RESULTADOS!C10-RESULTADOS!E10)=(C10-E10)) ), 1, 0 ) -> 0
B12: GRUPO B | H12: DIA | I12: HORA
B13: Canadá | D13: x | F13: Bósnia | H13: 46185 | I13: 0.66666667 | L13: P | M13: SG | N13: GP | O13: GC | P13: V | Q13: E | R13: D | T13: =IF(NOT(AND(ISNUMBER(C13),ISNUMBER(E13))),"XXX","") -> XXX | U13: =SUM(Y13,Z13,AA13, AB13) -> 0 | Y13: =IF(AND(ISNUMBER(RESULTADOS!C13),ISNUMBER(RESULTADOS!E13),ISNUMBER(C13),ISNUMBER(E13),C13=RESULTADOS!C13,E13=RESULTADOS!E13),2,0) -> 0 | Z13: =IF(AND(ISNUMBER(RESULTADOS!C13),ISNUMBER(RESULTADOS!E13),ISNUMBER(C13),ISNUMBER(E13)),IF(OR(AND(C13>E13,RESULTADOS!C13>RESULTADOS!E13),AND(C13<E13,RESULTADOS!C13<RESULTADOS!E13)),1,IF(AND(C13=E13,RESULTADOS!C13=RESULTADOS!E13),2,0)),0) -> 0 | AA13: =IF(AND(ISNUMBER(RESULTADOS!C13),ISNUMBER(RESULTADOS!E13),ISNUMBER(C13),ISNUMBER(E13),AND(Z13=1,OR(C13=RESULTADOS!C13,E13=RESULTADOS!E13))),1,0) -> 0 | AB13: =IF( AND( ISNUMBER(RESULTADOS!C13), ISNUMBER(RESULTADOS!E13), ISNUMBER(C13), ISNUMBER(E13), AND(Z13=1,AA13=0,(RESULTADOS!C13-RESULTADOS!E13)=(C13-E13)) ), 1, 0 ) -> 0
B14: Catar | D14: x | F14: Suíça | H14: 46186 | I14: 0.66666667 | K14: Bósnia | L14: =SUM(IF(AND(ISNUMBER(INDIRECT($AC14)),INDIRECT($AC14)>INDIRECT($AF14)),3,IF(AND(ISNUMBER(INDIRECT($AC14)),INDIRECT($AC14)=INDIRECT($AF14)),1,0)),IF(AND(ISNUMBER(INDIRECT($AD14)),INDIRECT($AD14)>INDIRECT($AG14)),3,IF(AND(ISNUMBER(INDIRECT($AD14)),INDIRECT($AD14)=INDIRECT($AG14)),1,0)),IF(AND(ISNUMBER(INDIRECT($AE14)),INDIRECT($AE14)>INDIRECT($AH14)),3,IF(AND(ISNUMBER(INDIRECT($AE14)),INDIRECT($AE14)=INDIRECT($AH14)),1,0))) -> 0 | M14: =N14-O14 -> 0 | N14: =SUM(INDIRECT($AC14),INDIRECT($AD14),INDIRECT($AE14)) -> 0 | O14: =SUM(INDIRECT($AF14),INDIRECT($AG14),INDIRECT($AH14)) -> 0 | P14: =SUM(IF(AND(ISNUMBER(INDIRECT($AC14)),INDIRECT($AC14)>INDIRECT($AF14)),1,0),IF(AND(ISNUMBER(INDIRECT($AD14)),INDIRECT($AD14)>INDIRECT($AG14)),1,0),IF(AND(ISNUMBER(INDIRECT($AE14)),INDIRECT($AE14)>INDIRECT($AH14)),1,0)) -> 0 | Q14: =SUM(IF(AND(ISNUMBER(INDIRECT($AC14)),INDIRECT($AC14)=INDIRECT($AF14)),1,0),IF(AND(ISNUMBER(INDIRECT($AD14)),INDIRECT($AD14)=INDIRECT($AG14)),1,0),IF(AND(ISNUMBER(INDIRECT($AE14)),INDIRECT($AE14)=INDIRECT($AH14)),1,0)) -> 0 | R14: =SUM(IF(AND(ISNUMBER(INDIRECT($AC14)),INDIRECT($AC14)<INDIRECT($AF14)),1,0),IF(AND(ISNUMBER(INDIRECT($AD14)),INDIRECT($AD14)<INDIRECT($AG14)),1,0),IF(AND(ISNUMBER(INDIRECT($AE14)),INDIRECT($AE14)<INDIRECT($AH14)),1,0)) -> 0 | T14: =IF(NOT(AND(ISNUMBER(C14),ISNUMBER(E14))),"XXX","") -> XXX | U14: =SUM(Y14,Z14,AA14, AB14) -> 0 | Y14: =IF(AND(ISNUMBER(RESULTADOS!C14),ISNUMBER(RESULTADOS!E14),ISNUMBER(C14),ISNUMBER(E14),C14=RESULTADOS!C14,E14=RESULTADOS!E14),2,0) -> 0 | Z14: =IF(AND(ISNUMBER(RESULTADOS!C14),ISNUMBER(RESULTADOS!E14),ISNUMBER(C14),ISNUMBER(E14)),IF(OR(AND(C14>E14,RESULTADOS!C14>RESULTADOS!E14),AND(C14<E14,RESULTADOS!C14<RESULTADOS!E14)),1,IF(AND(C14=E14,RESULTADOS!C14=RESULTADOS!E14),2,0)),0) -> 0 | AA14: =IF(AND(ISNUMBER(RESULTADOS!C14),ISNUMBER(RESULTADOS!E14),ISNUMBER(C14),ISNUMBER(E14),AND(Z14=1,OR(C14=RESULTADOS!C14,E14=RESULTADOS!E14))),1,0) -> 0 | AB14: =IF( AND( ISNUMBER(RESULTADOS!C14), ISNUMBER(RESULTADOS!E14), ISNUMBER(C14), ISNUMBER(E14), AND(Z14=1,AA14=0,(RESULTADOS!C14-RESULTADOS!E14)=(C14-E14)) ), 1, 0 ) -> 0 | AC14: E13 | AD14: E15 | AE14: C18 | AF14: =IF(ISNUMBER(FIND("C", AC14, 1)), SUBSTITUTE(AC14, "C", "E"), SUBSTITUTE(AC14, "E", "C")) -> C13 | AG14: =IF(ISNUMBER(FIND("C", AD14, 1)), SUBSTITUTE(AD14, "C", "E"), SUBSTITUTE(AD14, "E", "C")) -> C15 | AH14: =IF(ISNUMBER(FIND("C", AE14, 1)), SUBSTITUTE(AE14, "C", "E"), SUBSTITUTE(AE14, "E", "C")) -> E18
B15: Suíça | D15: x | F15: Bósnia | H15: 46191 | I15: 0.66666667 | K15: Canadá | L15: =SUM(IF(AND(ISNUMBER(INDIRECT($AC15)),INDIRECT($AC15)>INDIRECT($AF15)),3,IF(AND(ISNUMBER(INDIRECT($AC15)),INDIRECT($AC15)=INDIRECT($AF15)),1,0)),IF(AND(ISNUMBER(INDIRECT($AD15)),INDIRECT($AD15)>INDIRECT($AG15)),3,IF(AND(ISNUMBER(INDIRECT($AD15)),INDIRECT($AD15)=INDIRECT($AG15)),1,0)),IF(AND(ISNUMBER(INDIRECT($AE15)),INDIRECT($AE15)>INDIRECT($AH15)),3,IF(AND(ISNUMBER(INDIRECT($AE15)),INDIRECT($AE15)=INDIRECT($AH15)),1,0))) -> 0 | M15: =N15-O15 -> 0 | N15: =SUM(INDIRECT($AC15),INDIRECT($AD15),INDIRECT($AE15)) -> 0 | O15: =SUM(INDIRECT($AF15),INDIRECT($AG15),INDIRECT($AH15)) -> 0 | P15: =SUM(IF(AND(ISNUMBER(INDIRECT($AC15)),INDIRECT($AC15)>INDIRECT($AF15)),1,0),IF(AND(ISNUMBER(INDIRECT($AD15)),INDIRECT($AD15)>INDIRECT($AG15)),1,0),IF(AND(ISNUMBER(INDIRECT($AE15)),INDIRECT($AE15)>INDIRECT($AH15)),1,0)) -> 0 | Q15: =SUM(IF(AND(ISNUMBER(INDIRECT($AC15)),INDIRECT($AC15)=INDIRECT($AF15)),1,0),IF(AND(ISNUMBER(INDIRECT($AD15)),INDIRECT($AD15)=INDIRECT($AG15)),1,0),IF(AND(ISNUMBER(INDIRECT($AE15)),INDIRECT($AE15)=INDIRECT($AH15)),1,0)) -> 0 | R15: =SUM(IF(AND(ISNUMBER(INDIRECT($AC15)),INDIRECT($AC15)<INDIRECT($AF15)),1,0),IF(AND(ISNUMBER(INDIRECT($AD15)),INDIRECT($AD15)<INDIRECT($AG15)),1,0),IF(AND(ISNUMBER(INDIRECT($AE15)),INDIRECT($AE15)<INDIRECT($AH15)),1,0)) -> 0 | T15: =IF(NOT(AND(ISNUMBER(C15),ISNUMBER(E15))),"XXX","") -> XXX | U15: =SUM(Y15,Z15,AA15, AB15) -> 0 | Y15: =IF(AND(ISNUMBER(RESULTADOS!C15),ISNUMBER(RESULTADOS!E15),ISNUMBER(C15),ISNUMBER(E15),C15=RESULTADOS!C15,E15=RESULTADOS!E15),2,0) -> 0 | Z15: =IF(AND(ISNUMBER(RESULTADOS!C15),ISNUMBER(RESULTADOS!E15),ISNUMBER(C15),ISNUMBER(E15)),IF(OR(AND(C15>E15,RESULTADOS!C15>RESULTADOS!E15),AND(C15<E15,RESULTADOS!C15<RESULTADOS!E15)),1,IF(AND(C15=E15,RESULTADOS!C15=RESULTADOS!E15),2,0)),0) -> 0 | AA15: =IF(AND(ISNUMBER(RESULTADOS!C15),ISNUMBER(RESULTADOS!E15),ISNUMBER(C15),ISNUMBER(E15),AND(Z15=1,OR(C15=RESULTADOS!C15,E15=RESULTADOS!E15))),1,0) -> 0 | AB15: =IF( AND( ISNUMBER(RESULTADOS!C15), ISNUMBER(RESULTADOS!E15), ISNUMBER(C15), ISNUMBER(E15), AND(Z15=1,AA15=0,(RESULTADOS!C15-RESULTADOS!E15)=(C15-E15)) ), 1, 0 ) -> 0 | AC15: C13 | AD15: C16 | AE15: E17 | AF15: =IF(ISNUMBER(FIND("C", AC15, 1)), SUBSTITUTE(AC15, "C", "E"), SUBSTITUTE(AC15, "E", "C")) -> E13 | AG15: =IF(ISNUMBER(FIND("C", AD15, 1)), SUBSTITUTE(AD15, "C", "E"), SUBSTITUTE(AD15, "E", "C")) -> E16 | AH15: =IF(ISNUMBER(FIND("C", AE15, 1)), SUBSTITUTE(AE15, "C", "E"), SUBSTITUTE(AE15, "E", "C")) -> C17
B16: Canadá | D16: x | F16: Catar | H16: 46191 | I16: 0.79166667 | K16: Catar | L16: =SUM(IF(AND(ISNUMBER(INDIRECT($AC16)),INDIRECT($AC16)>INDIRECT($AF16)),3,IF(AND(ISNUMBER(INDIRECT($AC16)),INDIRECT($AC16)=INDIRECT($AF16)),1,0)),IF(AND(ISNUMBER(INDIRECT($AD16)),INDIRECT($AD16)>INDIRECT($AG16)),3,IF(AND(ISNUMBER(INDIRECT($AD16)),INDIRECT($AD16)=INDIRECT($AG16)),1,0)),IF(AND(ISNUMBER(INDIRECT($AE16)),INDIRECT($AE16)>INDIRECT($AH16)),3,IF(AND(ISNUMBER(INDIRECT($AE16)),INDIRECT($AE16)=INDIRECT($AH16)),1,0))) -> 0 | M16: =N16-O16 -> 0 | N16: =SUM(INDIRECT($AC16),INDIRECT($AD16),INDIRECT($AE16)) -> 0 | O16: =SUM(INDIRECT($AF16),INDIRECT($AG16),INDIRECT($AH16)) -> 0 | P16: =SUM(IF(AND(ISNUMBER(INDIRECT($AC16)),INDIRECT($AC16)>INDIRECT($AF16)),1,0),IF(AND(ISNUMBER(INDIRECT($AD16)),INDIRECT($AD16)>INDIRECT($AG16)),1,0),IF(AND(ISNUMBER(INDIRECT($AE16)),INDIRECT($AE16)>INDIRECT($AH16)),1,0)) -> 0 | Q16: =SUM(IF(AND(ISNUMBER(INDIRECT($AC16)),INDIRECT($AC16)=INDIRECT($AF16)),1,0),IF(AND(ISNUMBER(INDIRECT($AD16)),INDIRECT($AD16)=INDIRECT($AG16)),1,0),IF(AND(ISNUMBER(INDIRECT($AE16)),INDIRECT($AE16)=INDIRECT($AH16)),1,0)) -> 0 | R16: =SUM(IF(AND(ISNUMBER(INDIRECT($AC16)),INDIRECT($AC16)<INDIRECT($AF16)),1,0),IF(AND(ISNUMBER(INDIRECT($AD16)),INDIRECT($AD16)<INDIRECT($AG16)),1,0),IF(AND(ISNUMBER(INDIRECT($AE16)),INDIRECT($AE16)<INDIRECT($AH16)),1,0)) -> 0 | T16: =IF(NOT(AND(ISNUMBER(C16),ISNUMBER(E16))),"XXX","") -> XXX | U16: =SUM(Y16,Z16,AA16, AB16) -> 0 | Y16: =IF(AND(ISNUMBER(RESULTADOS!C16),ISNUMBER(RESULTADOS!E16),ISNUMBER(C16),ISNUMBER(E16),C16=RESULTADOS!C16,E16=RESULTADOS!E16),2,0) -> 0 | Z16: =IF(AND(ISNUMBER(RESULTADOS!C16),ISNUMBER(RESULTADOS!E16),ISNUMBER(C16),ISNUMBER(E16)),IF(OR(AND(C16>E16,RESULTADOS!C16>RESULTADOS!E16),AND(C16<E16,RESULTADOS!C16<RESULTADOS!E16)),1,IF(AND(C16=E16,RESULTADOS!C16=RESULTADOS!E16),2,0)),0) -> 0 | AA16: =IF(AND(ISNUMBER(RESULTADOS!C16),ISNUMBER(RESULTADOS!E16),ISNUMBER(C16),ISNUMBER(E16),AND(Z16=1,OR(C16=RESULTADOS!C16,E16=RESULTADOS!E16))),1,0) -> 0 | AB16: =IF( AND( ISNUMBER(RESULTADOS!C16), ISNUMBER(RESULTADOS!E16), ISNUMBER(C16), ISNUMBER(E16), AND(Z16=1,AA16=0,(RESULTADOS!C16-RESULTADOS!E16)=(C16-E16)) ), 1, 0 ) -> 0 | AC16: C14 | AD16: E16 | AE16: E18 | AF16: =IF(ISNUMBER(FIND("C", AC16, 1)), SUBSTITUTE(AC16, "C", "E"), SUBSTITUTE(AC16, "E", "C")) -> E14 | AG16: =IF(ISNUMBER(FIND("C", AD16, 1)), SUBSTITUTE(AD16, "C", "E"), SUBSTITUTE(AD16, "E", "C")) -> C16 | AH16: =IF(ISNUMBER(FIND("C", AE16, 1)), SUBSTITUTE(AE16, "C", "E"), SUBSTITUTE(AE16, "E", "C")) -> C18
B17: Suíça | D17: x | F17: Canadá | H17: 46197 | I17: 0.66666667 | K17: Suíça | L17: =SUM(IF(AND(ISNUMBER(INDIRECT($AC17)),INDIRECT($AC17)>INDIRECT($AF17)),3,IF(AND(ISNUMBER(INDIRECT($AC17)),INDIRECT($AC17)=INDIRECT($AF17)),1,0)),IF(AND(ISNUMBER(INDIRECT($AD17)),INDIRECT($AD17)>INDIRECT($AG17)),3,IF(AND(ISNUMBER(INDIRECT($AD17)),INDIRECT($AD17)=INDIRECT($AG17)),1,0)),IF(AND(ISNUMBER(INDIRECT($AE17)),INDIRECT($AE17)>INDIRECT($AH17)),3,IF(AND(ISNUMBER(INDIRECT($AE17)),INDIRECT($AE17)=INDIRECT($AH17)),1,0))) -> 0 | M17: =N17-O17 -> 0 | N17: =SUM(INDIRECT($AC17),INDIRECT($AD17),INDIRECT($AE17)) -> 0 | O17: =SUM(INDIRECT($AF17),INDIRECT($AG17),INDIRECT($AH17)) -> 0 | P17: =SUM(IF(AND(ISNUMBER(INDIRECT($AC17)),INDIRECT($AC17)>INDIRECT($AF17)),1,0),IF(AND(ISNUMBER(INDIRECT($AD17)),INDIRECT($AD17)>INDIRECT($AG17)),1,0),IF(AND(ISNUMBER(INDIRECT($AE17)),INDIRECT($AE17)>INDIRECT($AH17)),1,0)) -> 0 | Q17: =SUM(IF(AND(ISNUMBER(INDIRECT($AC17)),INDIRECT($AC17)=INDIRECT($AF17)),1,0),IF(AND(ISNUMBER(INDIRECT($AD17)),INDIRECT($AD17)=INDIRECT($AG17)),1,0),IF(AND(ISNUMBER(INDIRECT($AE17)),INDIRECT($AE17)=INDIRECT($AH17)),1,0)) -> 0 | R17: =SUM(IF(AND(ISNUMBER(INDIRECT($AC17)),INDIRECT($AC17)<INDIRECT($AF17)),1,0),IF(AND(ISNUMBER(INDIRECT($AD17)),INDIRECT($AD17)<INDIRECT($AG17)),1,0),IF(AND(ISNUMBER(INDIRECT($AE17)),INDIRECT($AE17)<INDIRECT($AH17)),1,0)) -> 0 | T17: =IF(NOT(AND(ISNUMBER(C17),ISNUMBER(E17))),"XXX","") -> XXX | U17: =SUM(Y17,Z17,AA17, AB17) -> 0 | Y17: =IF(AND(ISNUMBER(RESULTADOS!C17),ISNUMBER(RESULTADOS!E17),ISNUMBER(C17),ISNUMBER(E17),C17=RESULTADOS!C17,E17=RESULTADOS!E17),2,0) -> 0 | Z17: =IF(AND(ISNUMBER(RESULTADOS!C17),ISNUMBER(RESULTADOS!E17),ISNUMBER(C17),ISNUMBER(E17)),IF(OR(AND(C17>E17,RESULTADOS!C17>RESULTADOS!E17),AND(C17<E17,RESULTADOS!C17<RESULTADOS!E17)),1,IF(AND(C17=E17,RESULTADOS!C17=RESULTADOS!E17),2,0)),0) -> 0 | AA17: =IF(AND(ISNUMBER(RESULTADOS!C17),ISNUMBER(RESULTADOS!E17),ISNUMBER(C17),ISNUMBER(E17),AND(Z17=1,OR(C17=RESULTADOS!C17,E17=RESULTADOS!E17))),1,0) -> 0 | AB17: =IF( AND( ISNUMBER(RESULTADOS!C17), ISNUMBER(RESULTADOS!E17), ISNUMBER(C17), ISNUMBER(E17), AND(Z17=1,AA17=0,(RESULTADOS!C17-RESULTADOS!E17)=(C17-E17)) ), 1, 0 ) -> 0 | AC17: E14 | AD17: C15 | AE17: C17 | AF17: =IF(ISNUMBER(FIND("C", AC17, 1)), SUBSTITUTE(AC17, "C", "E"), SUBSTITUTE(AC17, "E", "C")) -> C14 | AG17: =IF(ISNUMBER(FIND("C", AD17, 1)), SUBSTITUTE(AD17, "C", "E"), SUBSTITUTE(AD17, "E", "C")) -> E15 | AH17: =IF(ISNUMBER(FIND("C", AE17, 1)), SUBSTITUTE(AE17, "C", "E"), SUBSTITUTE(AE17, "E", "C")) -> E17
B18: Bósnia | D18: x | F18: Catar | H18: 46197 | I18: 0.66666667 | T18: =IF(NOT(AND(ISNUMBER(C18),ISNUMBER(E18))),"XXX","") -> XXX | U18: =SUM(Y18,Z18,AA18, AB18) -> 0 | Y18: =IF(AND(ISNUMBER(RESULTADOS!C18),ISNUMBER(RESULTADOS!E18),ISNUMBER(C18),ISNUMBER(E18),C18=RESULTADOS!C18,E18=RESULTADOS!E18),2,0) -> 0 | Z18: =IF(AND(ISNUMBER(RESULTADOS!C18),ISNUMBER(RESULTADOS!E18),ISNUMBER(C18),ISNUMBER(E18)),IF(OR(AND(C18>E18,RESULTADOS!C18>RESULTADOS!E18),AND(C18<E18,RESULTADOS!C18<RESULTADOS!E18)),1,IF(AND(C18=E18,RESULTADOS!C18=RESULTADOS!E18),2,0)),0) -> 0 | AA18: =IF(AND(ISNUMBER(RESULTADOS!C18),ISNUMBER(RESULTADOS!E18),ISNUMBER(C18),ISNUMBER(E18),AND(Z18=1,OR(C18=RESULTADOS!C18,E18=RESULTADOS!E18))),1,0) -> 0 | AB18: =IF( AND( ISNUMBER(RESULTADOS!C18), ISNUMBER(RESULTADOS!E18), ISNUMBER(C18), ISNUMBER(E18), AND(Z18=1,AA18=0,(RESULTADOS!C18-RESULTADOS!E18)=(C18-E18)) ), 1, 0 ) -> 0
B20: GRUPO C | H20: DIA | I20: HORA
B21: Brasil | D21: x | F21: Marrocos | H21: 46186 | I21: 0.79166667 | L21: P | M21: SG | N21: GP | O21: GC | P21: V | Q21: E | R21: D | T21: =IF(NOT(AND(ISNUMBER(C21),ISNUMBER(E21))),"XXX","") -> XXX | U21: =SUM(Y21,Z21,AA21, AB21) -> 0 | Y21: =IF(AND(ISNUMBER(RESULTADOS!C21),ISNUMBER(RESULTADOS!E21),ISNUMBER(C21),ISNUMBER(E21),C21=RESULTADOS!C21,E21=RESULTADOS!E21),2,0) -> 0 | Z21: =IF(AND(ISNUMBER(RESULTADOS!C21),ISNUMBER(RESULTADOS!E21),ISNUMBER(C21),ISNUMBER(E21)),IF(OR(AND(C21>E21,RESULTADOS!C21>RESULTADOS!E21),AND(C21<E21,RESULTADOS!C21<RESULTADOS!E21)),1,IF(AND(C21=E21,RESULTADOS!C21=RESULTADOS!E21),2,0)),0) -> 0 | AA21: =IF(AND(ISNUMBER(RESULTADOS!C21),ISNUMBER(RESULTADOS!E21),ISNUMBER(C21),ISNUMBER(E21),AND(Z21=1,OR(C21=RESULTADOS!C21,E21=RESULTADOS!E21))),1,0) -> 0 | AB21: =IF( AND( ISNUMBER(RESULTADOS!C21), ISNUMBER(RESULTADOS!E21), ISNUMBER(C21), ISNUMBER(E21), AND(Z21=1,AA21=0,(RESULTADOS!C21-RESULTADOS!E21)=(C21-E21)) ), 1, 0 ) -> 0
B22: Haiti | D22: x | F22: Escócia | H22: 46186 | I22: 0.91666667 | K22: Brasil | L22: =SUM(IF(AND(ISNUMBER(INDIRECT($AC22)),INDIRECT($AC22)>INDIRECT($AF22)),3,IF(AND(ISNUMBER(INDIRECT($AC22)),INDIRECT($AC22)=INDIRECT($AF22)),1,0)),IF(AND(ISNUMBER(INDIRECT($AD22)),INDIRECT($AD22)>INDIRECT($AG22)),3,IF(AND(ISNUMBER(INDIRECT($AD22)),INDIRECT($AD22)=INDIRECT($AG22)),1,0)),IF(AND(ISNUMBER(INDIRECT($AE22)),INDIRECT($AE22)>INDIRECT($AH22)),3,IF(AND(ISNUMBER(INDIRECT($AE22)),INDIRECT($AE22)=INDIRECT($AH22)),1,0))) -> 0 | M22: =N22-O22 -> 0 | N22: =SUM(INDIRECT($AC22),INDIRECT($AD22),INDIRECT($AE22)) -> 0 | O22: =SUM(INDIRECT($AF22),INDIRECT($AG22),INDIRECT($AH22)) -> 0 | P22: =SUM(IF(AND(ISNUMBER(INDIRECT($AC22)),INDIRECT($AC22)>INDIRECT($AF22)),1,0),IF(AND(ISNUMBER(INDIRECT($AD22)),INDIRECT($AD22)>INDIRECT($AG22)),1,0),IF(AND(ISNUMBER(INDIRECT($AE22)),INDIRECT($AE22)>INDIRECT($AH22)),1,0)) -> 0 | Q22: =SUM(IF(AND(ISNUMBER(INDIRECT($AC22)),INDIRECT($AC22)=INDIRECT($AF22)),1,0),IF(AND(ISNUMBER(INDIRECT($AD22)),INDIRECT($AD22)=INDIRECT($AG22)),1,0),IF(AND(ISNUMBER(INDIRECT($AE22)),INDIRECT($AE22)=INDIRECT($AH22)),1,0)) -> 0 | R22: =SUM(IF(AND(ISNUMBER(INDIRECT($AC22)),INDIRECT($AC22)<INDIRECT($AF22)),1,0),IF(AND(ISNUMBER(INDIRECT($AD22)),INDIRECT($AD22)<INDIRECT($AG22)),1,0),IF(AND(ISNUMBER(INDIRECT($AE22)),INDIRECT($AE22)<INDIRECT($AH22)),1,0)) -> 0 | T22: =IF(NOT(AND(ISNUMBER(C22),ISNUMBER(E22))),"XXX","") -> XXX | U22: =SUM(Y22,Z22,AA22, AB22) -> 0 | Y22: =IF(AND(ISNUMBER(RESULTADOS!C22),ISNUMBER(RESULTADOS!E22),ISNUMBER(C22),ISNUMBER(E22),C22=RESULTADOS!C22,E22=RESULTADOS!E22),2,0) -> 0 | Z22: =IF(AND(ISNUMBER(RESULTADOS!C22),ISNUMBER(RESULTADOS!E22),ISNUMBER(C22),ISNUMBER(E22)),IF(OR(AND(C22>E22,RESULTADOS!C22>RESULTADOS!E22),AND(C22<E22,RESULTADOS!C22<RESULTADOS!E22)),1,IF(AND(C22=E22,RESULTADOS!C22=RESULTADOS!E22),2,0)),0) -> 0 | AA22: =IF(AND(ISNUMBER(RESULTADOS!C22),ISNUMBER(RESULTADOS!E22),ISNUMBER(C22),ISNUMBER(E22),AND(Z22=1,OR(C22=RESULTADOS!C22,E22=RESULTADOS!E22))),1,0) -> 0 | AB22: =IF( AND( ISNUMBER(RESULTADOS!C22), ISNUMBER(RESULTADOS!E22), ISNUMBER(C22), ISNUMBER(E22), AND(Z22=1,AA22=0,(RESULTADOS!C22-RESULTADOS!E22)=(C22-E22)) ), 1, 0 ) -> 0 | AC22: C21 | AD22: C24 | AE22: E26 | AF22: =IF(ISNUMBER(FIND("C", AC22, 1)), SUBSTITUTE(AC22, "C", "E"), SUBSTITUTE(AC22, "E", "C")) -> E21 | AG22: =IF(ISNUMBER(FIND("C", AD22, 1)), SUBSTITUTE(AD22, "C", "E"), SUBSTITUTE(AD22, "E", "C")) -> E24 | AH22: =IF(ISNUMBER(FIND("C", AE22, 1)), SUBSTITUTE(AE22, "C", "E"), SUBSTITUTE(AE22, "E", "C")) -> C26
B23: Escócia | D23: x | F23: Marrocos | H23: 46192 | I23: 0.79166667 | K23: Escócia | L23: =SUM(IF(AND(ISNUMBER(INDIRECT($AC23)),INDIRECT($AC23)>INDIRECT($AF23)),3,IF(AND(ISNUMBER(INDIRECT($AC23)),INDIRECT($AC23)=INDIRECT($AF23)),1,0)),IF(AND(ISNUMBER(INDIRECT($AD23)),INDIRECT($AD23)>INDIRECT($AG23)),3,IF(AND(ISNUMBER(INDIRECT($AD23)),INDIRECT($AD23)=INDIRECT($AG23)),1,0)),IF(AND(ISNUMBER(INDIRECT($AE23)),INDIRECT($AE23)>INDIRECT($AH23)),3,IF(AND(ISNUMBER(INDIRECT($AE23)),INDIRECT($AE23)=INDIRECT($AH23)),1,0))) -> 0 | M23: =N23-O23 -> 0 | N23: =SUM(INDIRECT($AC23),INDIRECT($AD23),INDIRECT($AE23)) -> 0 | O23: =SUM(INDIRECT($AF23),INDIRECT($AG23),INDIRECT($AH23)) -> 0 | P23: =SUM(IF(AND(ISNUMBER(INDIRECT($AC23)),INDIRECT($AC23)>INDIRECT($AF23)),1,0),IF(AND(ISNUMBER(INDIRECT($AD23)),INDIRECT($AD23)>INDIRECT($AG23)),1,0),IF(AND(ISNUMBER(INDIRECT($AE23)),INDIRECT($AE23)>INDIRECT($AH23)),1,0)) -> 0 | Q23: =SUM(IF(AND(ISNUMBER(INDIRECT($AC23)),INDIRECT($AC23)=INDIRECT($AF23)),1,0),IF(AND(ISNUMBER(INDIRECT($AD23)),INDIRECT($AD23)=INDIRECT($AG23)),1,0),IF(AND(ISNUMBER(INDIRECT($AE23)),INDIRECT($AE23)=INDIRECT($AH23)),1,0)) -> 0 | R23: =SUM(IF(AND(ISNUMBER(INDIRECT($AC23)),INDIRECT($AC23)<INDIRECT($AF23)),1,0),IF(AND(ISNUMBER(INDIRECT($AD23)),INDIRECT($AD23)<INDIRECT($AG23)),1,0),IF(AND(ISNUMBER(INDIRECT($AE23)),INDIRECT($AE23)<INDIRECT($AH23)),1,0)) -> 0 | T23: =IF(NOT(AND(ISNUMBER(C23),ISNUMBER(E23))),"XXX","") -> XXX | U23: =SUM(Y23,Z23,AA23, AB23) -> 0 | Y23: =IF(AND(ISNUMBER(RESULTADOS!C23),ISNUMBER(RESULTADOS!E23),ISNUMBER(C23),ISNUMBER(E23),C23=RESULTADOS!C23,E23=RESULTADOS!E23),2,0) -> 0 | Z23: =IF(AND(ISNUMBER(RESULTADOS!C23),ISNUMBER(RESULTADOS!E23),ISNUMBER(C23),ISNUMBER(E23)),IF(OR(AND(C23>E23,RESULTADOS!C23>RESULTADOS!E23),AND(C23<E23,RESULTADOS!C23<RESULTADOS!E23)),1,IF(AND(C23=E23,RESULTADOS!C23=RESULTADOS!E23),2,0)),0) -> 0 | AA23: =IF(AND(ISNUMBER(RESULTADOS!C23),ISNUMBER(RESULTADOS!E23),ISNUMBER(C23),ISNUMBER(E23),AND(Z23=1,OR(C23=RESULTADOS!C23,E23=RESULTADOS!E23))),1,0) -> 0 | AB23: =IF( AND( ISNUMBER(RESULTADOS!C23), ISNUMBER(RESULTADOS!E23), ISNUMBER(C23), ISNUMBER(E23), AND(Z23=1,AA23=0,(RESULTADOS!C23-RESULTADOS!E23)=(C23-E23)) ), 1, 0 ) -> 0 | AC23: E22 | AD23: C23 | AE23: C26 | AF23: =IF(ISNUMBER(FIND("C", AC23, 1)), SUBSTITUTE(AC23, "C", "E"), SUBSTITUTE(AC23, "E", "C")) -> C22 | AG23: =IF(ISNUMBER(FIND("C", AD23, 1)), SUBSTITUTE(AD23, "C", "E"), SUBSTITUTE(AD23, "E", "C")) -> E23 | AH23: =IF(ISNUMBER(FIND("C", AE23, 1)), SUBSTITUTE(AE23, "C", "E"), SUBSTITUTE(AE23, "E", "C")) -> E26
B24: Brasil | D24: x | F24: Haiti | H24: 46192 | I24: 0.89583333 | K24: Haiti | L24: =SUM(IF(AND(ISNUMBER(INDIRECT($AC24)),INDIRECT($AC24)>INDIRECT($AF24)),3,IF(AND(ISNUMBER(INDIRECT($AC24)),INDIRECT($AC24)=INDIRECT($AF24)),1,0)),IF(AND(ISNUMBER(INDIRECT($AD24)),INDIRECT($AD24)>INDIRECT($AG24)),3,IF(AND(ISNUMBER(INDIRECT($AD24)),INDIRECT($AD24)=INDIRECT($AG24)),1,0)),IF(AND(ISNUMBER(INDIRECT($AE24)),INDIRECT($AE24)>INDIRECT($AH24)),3,IF(AND(ISNUMBER(INDIRECT($AE24)),INDIRECT($AE24)=INDIRECT($AH24)),1,0))) -> 0 | M24: =N24-O24 -> 0 | N24: =SUM(INDIRECT($AC24),INDIRECT($AD24),INDIRECT($AE24)) -> 0 | O24: =SUM(INDIRECT($AF24),INDIRECT($AG24),INDIRECT($AH24)) -> 0 | P24: =SUM(IF(AND(ISNUMBER(INDIRECT($AC24)),INDIRECT($AC24)>INDIRECT($AF24)),1,0),IF(AND(ISNUMBER(INDIRECT($AD24)),INDIRECT($AD24)>INDIRECT($AG24)),1,0),IF(AND(ISNUMBER(INDIRECT($AE24)),INDIRECT($AE24)>INDIRECT($AH24)),1,0)) -> 0 | Q24: =SUM(IF(AND(ISNUMBER(INDIRECT($AC24)),INDIRECT($AC24)=INDIRECT($AF24)),1,0),IF(AND(ISNUMBER(INDIRECT($AD24)),INDIRECT($AD24)=INDIRECT($AG24)),1,0),IF(AND(ISNUMBER(INDIRECT($AE24)),INDIRECT($AE24)=INDIRECT($AH24)),1,0)) -> 0 | R24: =SUM(IF(AND(ISNUMBER(INDIRECT($AC24)),INDIRECT($AC24)<INDIRECT($AF24)),1,0),IF(AND(ISNUMBER(INDIRECT($AD24)),INDIRECT($AD24)<INDIRECT($AG24)),1,0),IF(AND(ISNUMBER(INDIRECT($AE24)),INDIRECT($AE24)<INDIRECT($AH24)),1,0)) -> 0 | T24: =IF(NOT(AND(ISNUMBER(C24),ISNUMBER(E24))),"XXX","") -> XXX | U24: =SUM(Y24,Z24,AA24, AB24) -> 0 | Y24: =IF(AND(ISNUMBER(RESULTADOS!C24),ISNUMBER(RESULTADOS!E24),ISNUMBER(C24),ISNUMBER(E24),C24=RESULTADOS!C24,E24=RESULTADOS!E24),2,0) -> 0 | Z24: =IF(AND(ISNUMBER(RESULTADOS!C24),ISNUMBER(RESULTADOS!E24),ISNUMBER(C24),ISNUMBER(E24)),IF(OR(AND(C24>E24,RESULTADOS!C24>RESULTADOS!E24),AND(C24<E24,RESULTADOS!C24<RESULTADOS!E24)),1,IF(AND(C24=E24,RESULTADOS!C24=RESULTADOS!E24),2,0)),0) -> 0 | AA24: =IF(AND(ISNUMBER(RESULTADOS!C24),ISNUMBER(RESULTADOS!E24),ISNUMBER(C24),ISNUMBER(E24),AND(Z24=1,OR(C24=RESULTADOS!C24,E24=RESULTADOS!E24))),1,0) -> 0 | AB24: =IF( AND( ISNUMBER(RESULTADOS!C24), ISNUMBER(RESULTADOS!E24), ISNUMBER(C24), ISNUMBER(E24), AND(Z24=1,AA24=0,(RESULTADOS!C24-RESULTADOS!E24)=(C24-E24)) ), 1, 0 ) -> 0 | AC24: C22 | AD24: E24 | AE24: E25 | AF24: =IF(ISNUMBER(FIND("C", AC24, 1)), SUBSTITUTE(AC24, "C", "E"), SUBSTITUTE(AC24, "E", "C")) -> E22 | AG24: =IF(ISNUMBER(FIND("C", AD24, 1)), SUBSTITUTE(AD24, "C", "E"), SUBSTITUTE(AD24, "E", "C")) -> C24 | AH24: =IF(ISNUMBER(FIND("C", AE24, 1)), SUBSTITUTE(AE24, "C", "E"), SUBSTITUTE(AE24, "E", "C")) -> C25
B25: Marrocos | D25: x | F25: Haiti | H25: 46197 | I25: 0.79166667 | K25: Marrocos | L25: =SUM(IF(AND(ISNUMBER(INDIRECT($AC25)),INDIRECT($AC25)>INDIRECT($AF25)),3,IF(AND(ISNUMBER(INDIRECT($AC25)),INDIRECT($AC25)=INDIRECT($AF25)),1,0)),IF(AND(ISNUMBER(INDIRECT($AD25)),INDIRECT($AD25)>INDIRECT($AG25)),3,IF(AND(ISNUMBER(INDIRECT($AD25)),INDIRECT($AD25)=INDIRECT($AG25)),1,0)),IF(AND(ISNUMBER(INDIRECT($AE25)),INDIRECT($AE25)>INDIRECT($AH25)),3,IF(AND(ISNUMBER(INDIRECT($AE25)),INDIRECT($AE25)=INDIRECT($AH25)),1,0))) -> 0 | M25: =N25-O25 -> 0 | N25: =SUM(INDIRECT($AC25),INDIRECT($AD25),INDIRECT($AE25)) -> 0 | O25: =SUM(INDIRECT($AF25),INDIRECT($AG25),INDIRECT($AH25)) -> 0 | P25: =SUM(IF(AND(ISNUMBER(INDIRECT($AC25)),INDIRECT($AC25)>INDIRECT($AF25)),1,0),IF(AND(ISNUMBER(INDIRECT($AD25)),INDIRECT($AD25)>INDIRECT($AG25)),1,0),IF(AND(ISNUMBER(INDIRECT($AE25)),INDIRECT($AE25)>INDIRECT($AH25)),1,0)) -> 0 | Q25: =SUM(IF(AND(ISNUMBER(INDIRECT($AC25)),INDIRECT($AC25)=INDIRECT($AF25)),1,0),IF(AND(ISNUMBER(INDIRECT($AD25)),INDIRECT($AD25)=INDIRECT($AG25)),1,0),IF(AND(ISNUMBER(INDIRECT($AE25)),INDIRECT($AE25)=INDIRECT($AH25)),1,0)) -> 0 | R25: =SUM(IF(AND(ISNUMBER(INDIRECT($AC25)),INDIRECT($AC25)<INDIRECT($AF25)),1,0),IF(AND(ISNUMBER(INDIRECT($AD25)),INDIRECT($AD25)<INDIRECT($AG25)),1,0),IF(AND(ISNUMBER(INDIRECT($AE25)),INDIRECT($AE25)<INDIRECT($AH25)),1,0)) -> 0 | T25: =IF(NOT(AND(ISNUMBER(C25),ISNUMBER(E25))),"XXX","") -> XXX | U25: =SUM(Y25,Z25,AA25, AB25) -> 0 | Y25: =IF(AND(ISNUMBER(RESULTADOS!C25),ISNUMBER(RESULTADOS!E25),ISNUMBER(C25),ISNUMBER(E25),C25=RESULTADOS!C25,E25=RESULTADOS!E25),2,0) -> 0 | Z25: =IF(AND(ISNUMBER(RESULTADOS!C25),ISNUMBER(RESULTADOS!E25),ISNUMBER(C25),ISNUMBER(E25)),IF(OR(AND(C25>E25,RESULTADOS!C25>RESULTADOS!E25),AND(C25<E25,RESULTADOS!C25<RESULTADOS!E25)),1,IF(AND(C25=E25,RESULTADOS!C25=RESULTADOS!E25),2,0)),0) -> 0 | AA25: =IF(AND(ISNUMBER(RESULTADOS!C25),ISNUMBER(RESULTADOS!E25),ISNUMBER(C25),ISNUMBER(E25),AND(Z25=1,OR(C25=RESULTADOS!C25,E25=RESULTADOS!E25))),1,0) -> 0 | AB25: =IF( AND( ISNUMBER(RESULTADOS!C25), ISNUMBER(RESULTADOS!E25), ISNUMBER(C25), ISNUMBER(E25), AND(Z25=1,AA25=0,(RESULTADOS!C25-RESULTADOS!E25)=(C25-E25)) ), 1, 0 ) -> 0 | AC25: E21 | AD25: E23 | AE25: C25 | AF25: =IF(ISNUMBER(FIND("C", AC25, 1)), SUBSTITUTE(AC25, "C", "E"), SUBSTITUTE(AC25, "E", "C")) -> C21 | AG25: =IF(ISNUMBER(FIND("C", AD25, 1)), SUBSTITUTE(AD25, "C", "E"), SUBSTITUTE(AD25, "E", "C")) -> C23 | AH25: =IF(ISNUMBER(FIND("C", AE25, 1)), SUBSTITUTE(AE25, "C", "E"), SUBSTITUTE(AE25, "E", "C")) -> E25
B26: Escócia | D26: x | F26: Brasil | H26: 46197 | I26: 0.79166667 | T26: =IF(NOT(AND(ISNUMBER(C26),ISNUMBER(E26))),"XXX","") -> XXX | U26: =SUM(Y26,Z26,AA26, AB26) -> 0 | Y26: =IF(AND(ISNUMBER(RESULTADOS!C26),ISNUMBER(RESULTADOS!E26),ISNUMBER(C26),ISNUMBER(E26),C26=RESULTADOS!C26,E26=RESULTADOS!E26),2,0) -> 0 | Z26: =IF(AND(ISNUMBER(RESULTADOS!C26),ISNUMBER(RESULTADOS!E26),ISNUMBER(C26),ISNUMBER(E26)),IF(OR(AND(C26>E26,RESULTADOS!C26>RESULTADOS!E26),AND(C26<E26,RESULTADOS!C26<RESULTADOS!E26)),1,IF(AND(C26=E26,RESULTADOS!C26=RESULTADOS!E26),2,0)),0) -> 0 | AA26: =IF(AND(ISNUMBER(RESULTADOS!C26),ISNUMBER(RESULTADOS!E26),ISNUMBER(C26),ISNUMBER(E26),AND(Z26=1,OR(C26=RESULTADOS!C26,E26=RESULTADOS!E26))),1,0) -> 0 | AB26: =IF( AND( ISNUMBER(RESULTADOS!C26), ISNUMBER(RESULTADOS!E26), ISNUMBER(C26), ISNUMBER(E26), AND(Z26=1,AA26=0,(RESULTADOS!C26-RESULTADOS!E26)=(C26-E26)) ), 1, 0 ) -> 0
B28: GRUPO D | H28: DIA | I28: HORA
B29: Estados Unidos | D29: x | F29: Paraguai | H29: 46185 | I29: 0.91666667 | L29: P | M29: SG | N29: GP | O29: GC | P29: V | Q29: E | R29: D | T29: =IF(NOT(AND(ISNUMBER(C29),ISNUMBER(E29))),"XXX","") -> XXX | U29: =SUM(Y29,Z29,AA29, AB29) -> 0 | Y29: =IF(AND(ISNUMBER(RESULTADOS!C29),ISNUMBER(RESULTADOS!E29),ISNUMBER(C29),ISNUMBER(E29),C29=RESULTADOS!C29,E29=RESULTADOS!E29),2,0) -> 0 | Z29: =IF(AND(ISNUMBER(RESULTADOS!C29),ISNUMBER(RESULTADOS!E29),ISNUMBER(C29),ISNUMBER(E29)),IF(OR(AND(C29>E29,RESULTADOS!C29>RESULTADOS!E29),AND(C29<E29,RESULTADOS!C29<RESULTADOS!E29)),1,IF(AND(C29=E29,RESULTADOS!C29=RESULTADOS!E29),2,0)),0) -> 0 | AA29: =IF(AND(ISNUMBER(RESULTADOS!C29),ISNUMBER(RESULTADOS!E29),ISNUMBER(C29),ISNUMBER(E29),AND(Z29=1,OR(C29=RESULTADOS!C29,E29=RESULTADOS!E29))),1,0) -> 0 | AB29: =IF( AND( ISNUMBER(RESULTADOS!C29), ISNUMBER(RESULTADOS!E29), ISNUMBER(C29), ISNUMBER(E29), AND(Z29=1,AA29=0,(RESULTADOS!C29-RESULTADOS!E29)=(C29-E29)) ), 1, 0 ) -> 0
B30: Austrália | D30: x | F30: Turquia | H30: 46187 | I30: 0.041666667 | K30: Austrália | L30: =SUM(IF(AND(ISNUMBER(INDIRECT($AC30)),INDIRECT($AC30)>INDIRECT($AF30)),3,IF(AND(ISNUMBER(INDIRECT($AC30)),INDIRECT($AC30)=INDIRECT($AF30)),1,0)),IF(AND(ISNUMBER(INDIRECT($AD30)),INDIRECT($AD30)>INDIRECT($AG30)),3,IF(AND(ISNUMBER(INDIRECT($AD30)),INDIRECT($AD30)=INDIRECT($AG30)),1,0)),IF(AND(ISNUMBER(INDIRECT($AE30)),INDIRECT($AE30)>INDIRECT($AH30)),3,IF(AND(ISNUMBER(INDIRECT($AE30)),INDIRECT($AE30)=INDIRECT($AH30)),1,0))) -> 0 | M30: =N30-O30 -> 0 | N30: =SUM(INDIRECT($AC30),INDIRECT($AD30),INDIRECT($AE30)) -> 0 | O30: =SUM(INDIRECT($AF30),INDIRECT($AG30),INDIRECT($AH30)) -> 0 | P30: =SUM(IF(AND(ISNUMBER(INDIRECT($AC30)),INDIRECT($AC30)>INDIRECT($AF30)),1,0),IF(AND(ISNUMBER(INDIRECT($AD30)),INDIRECT($AD30)>INDIRECT($AG30)),1,0),IF(AND(ISNUMBER(INDIRECT($AE30)),INDIRECT($AE30)>INDIRECT($AH30)),1,0)) -> 0 | Q30: =SUM(IF(AND(ISNUMBER(INDIRECT($AC30)),INDIRECT($AC30)=INDIRECT($AF30)),1,0),IF(AND(ISNUMBER(INDIRECT($AD30)),INDIRECT($AD30)=INDIRECT($AG30)),1,0),IF(AND(ISNUMBER(INDIRECT($AE30)),INDIRECT($AE30)=INDIRECT($AH30)),1,0)) -> 0 | R30: =SUM(IF(AND(ISNUMBER(INDIRECT($AC30)),INDIRECT($AC30)<INDIRECT($AF30)),1,0),IF(AND(ISNUMBER(INDIRECT($AD30)),INDIRECT($AD30)<INDIRECT($AG30)),1,0),IF(AND(ISNUMBER(INDIRECT($AE30)),INDIRECT($AE30)<INDIRECT($AH30)),1,0)) -> 0 | T30: =IF(NOT(AND(ISNUMBER(C30),ISNUMBER(E30))),"XXX","") -> XXX | U30: =SUM(Y30,Z30,AA30, AB30) -> 0 | Y30: =IF(AND(ISNUMBER(RESULTADOS!C30),ISNUMBER(RESULTADOS!E30),ISNUMBER(C30),ISNUMBER(E30),C30=RESULTADOS!C30,E30=RESULTADOS!E30),2,0) -> 0 | Z30: =IF(AND(ISNUMBER(RESULTADOS!C30),ISNUMBER(RESULTADOS!E30),ISNUMBER(C30),ISNUMBER(E30)),IF(OR(AND(C30>E30,RESULTADOS!C30>RESULTADOS!E30),AND(C30<E30,RESULTADOS!C30<RESULTADOS!E30)),1,IF(AND(C30=E30,RESULTADOS!C30=RESULTADOS!E30),2,0)),0) -> 0 | AA30: =IF(AND(ISNUMBER(RESULTADOS!C30),ISNUMBER(RESULTADOS!E30),ISNUMBER(C30),ISNUMBER(E30),AND(Z30=1,OR(C30=RESULTADOS!C30,E30=RESULTADOS!E30))),1,0) -> 0 | AB30: =IF( AND( ISNUMBER(RESULTADOS!C30), ISNUMBER(RESULTADOS!E30), ISNUMBER(C30), ISNUMBER(E30), AND(Z30=1,AA30=0,(RESULTADOS!C30-RESULTADOS!E30)=(C30-E30)) ), 1, 0 ) -> 0 | AC30: C30 | AD30: E31 | AE30: E34 | AF30: =IF(ISNUMBER(FIND("C", AC30, 1)), SUBSTITUTE(AC30, "C", "E"), SUBSTITUTE(AC30, "E", "C")) -> E30 | AG30: =IF(ISNUMBER(FIND("C", AD30, 1)), SUBSTITUTE(AD30, "C", "E"), SUBSTITUTE(AD30, "E", "C")) -> C31 | AH30: =IF(ISNUMBER(FIND("C", AE30, 1)), SUBSTITUTE(AE30, "C", "E"), SUBSTITUTE(AE30, "E", "C")) -> C34
B31: Estados Unidos | D31: x | F31: Austrália | H31: 46192 | I31: 0.66666667 | K31: Estados Unidos | L31: =SUM(IF(AND(ISNUMBER(INDIRECT($AC31)),INDIRECT($AC31)>INDIRECT($AF31)),3,IF(AND(ISNUMBER(INDIRECT($AC31)),INDIRECT($AC31)=INDIRECT($AF31)),1,0)),IF(AND(ISNUMBER(INDIRECT($AD31)),INDIRECT($AD31)>INDIRECT($AG31)),3,IF(AND(ISNUMBER(INDIRECT($AD31)),INDIRECT($AD31)=INDIRECT($AG31)),1,0)),IF(AND(ISNUMBER(INDIRECT($AE31)),INDIRECT($AE31)>INDIRECT($AH31)),3,IF(AND(ISNUMBER(INDIRECT($AE31)),INDIRECT($AE31)=INDIRECT($AH31)),1,0))) -> 0 | M31: =N31-O31 -> 0 | N31: =SUM(INDIRECT($AC31),INDIRECT($AD31),INDIRECT($AE31)) -> 0 | O31: =SUM(INDIRECT($AF31),INDIRECT($AG31),INDIRECT($AH31)) -> 0 | P31: =SUM(IF(AND(ISNUMBER(INDIRECT($AC31)),INDIRECT($AC31)>INDIRECT($AF31)),1,0),IF(AND(ISNUMBER(INDIRECT($AD31)),INDIRECT($AD31)>INDIRECT($AG31)),1,0),IF(AND(ISNUMBER(INDIRECT($AE31)),INDIRECT($AE31)>INDIRECT($AH31)),1,0)) -> 0 | Q31: =SUM(IF(AND(ISNUMBER(INDIRECT($AC31)),INDIRECT($AC31)=INDIRECT($AF31)),1,0),IF(AND(ISNUMBER(INDIRECT($AD31)),INDIRECT($AD31)=INDIRECT($AG31)),1,0),IF(AND(ISNUMBER(INDIRECT($AE31)),INDIRECT($AE31)=INDIRECT($AH31)),1,0)) -> 0 | R31: =SUM(IF(AND(ISNUMBER(INDIRECT($AC31)),INDIRECT($AC31)<INDIRECT($AF31)),1,0),IF(AND(ISNUMBER(INDIRECT($AD31)),INDIRECT($AD31)<INDIRECT($AG31)),1,0),IF(AND(ISNUMBER(INDIRECT($AE31)),INDIRECT($AE31)<INDIRECT($AH31)),1,0)) -> 0 | T31: =IF(NOT(AND(ISNUMBER(C31),ISNUMBER(E31))),"XXX","") -> XXX | U31: =SUM(Y31,Z31,AA31, AB31) -> 0 | Y31: =IF(AND(ISNUMBER(RESULTADOS!C31),ISNUMBER(RESULTADOS!E31),ISNUMBER(C31),ISNUMBER(E31),C31=RESULTADOS!C31,E31=RESULTADOS!E31),2,0) -> 0 | Z31: =IF(AND(ISNUMBER(RESULTADOS!C31),ISNUMBER(RESULTADOS!E31),ISNUMBER(C31),ISNUMBER(E31)),IF(OR(AND(C31>E31,RESULTADOS!C31>RESULTADOS!E31),AND(C31<E31,RESULTADOS!C31<RESULTADOS!E31)),1,IF(AND(C31=E31,RESULTADOS!C31=RESULTADOS!E31),2,0)),0) -> 0 | AA31: =IF(AND(ISNUMBER(RESULTADOS!C31),ISNUMBER(RESULTADOS!E31),ISNUMBER(C31),ISNUMBER(E31),AND(Z31=1,OR(C31=RESULTADOS!C31,E31=RESULTADOS!E31))),1,0) -> 0 | AB31: =IF( AND( ISNUMBER(RESULTADOS!C31), ISNUMBER(RESULTADOS!E31), ISNUMBER(C31), ISNUMBER(E31), AND(Z31=1,AA31=0,(RESULTADOS!C31-RESULTADOS!E31)=(C31-E31)) ), 1, 0 ) -> 0 | AC31: C29 | AD31: C31 | AE31: E33 | AF31: =IF(ISNUMBER(FIND("C", AC31, 1)), SUBSTITUTE(AC31, "C", "E"), SUBSTITUTE(AC31, "E", "C")) -> E29 | AG31: =IF(ISNUMBER(FIND("C", AD31, 1)), SUBSTITUTE(AD31, "C", "E"), SUBSTITUTE(AD31, "E", "C")) -> E31 | AH31: =IF(ISNUMBER(FIND("C", AE31, 1)), SUBSTITUTE(AE31, "C", "E"), SUBSTITUTE(AE31, "E", "C")) -> C33
B32: Turquia | D32: x | F32: Paraguai | H32: 46193 | I32: 0.041666667 | K32: Paraguai | L32: =SUM(IF(AND(ISNUMBER(INDIRECT($AC32)),INDIRECT($AC32)>INDIRECT($AF32)),3,IF(AND(ISNUMBER(INDIRECT($AC32)),INDIRECT($AC32)=INDIRECT($AF32)),1,0)),IF(AND(ISNUMBER(INDIRECT($AD32)),INDIRECT($AD32)>INDIRECT($AG32)),3,IF(AND(ISNUMBER(INDIRECT($AD32)),INDIRECT($AD32)=INDIRECT($AG32)),1,0)),IF(AND(ISNUMBER(INDIRECT($AE32)),INDIRECT($AE32)>INDIRECT($AH32)),3,IF(AND(ISNUMBER(INDIRECT($AE32)),INDIRECT($AE32)=INDIRECT($AH32)),1,0))) -> 0 | M32: =N32-O32 -> 0 | N32: =SUM(INDIRECT($AC32),INDIRECT($AD32),INDIRECT($AE32)) -> 0 | O32: =SUM(INDIRECT($AF32),INDIRECT($AG32),INDIRECT($AH32)) -> 0 | P32: =SUM(IF(AND(ISNUMBER(INDIRECT($AC32)),INDIRECT($AC32)>INDIRECT($AF32)),1,0),IF(AND(ISNUMBER(INDIRECT($AD32)),INDIRECT($AD32)>INDIRECT($AG32)),1,0),IF(AND(ISNUMBER(INDIRECT($AE32)),INDIRECT($AE32)>INDIRECT($AH32)),1,0)) -> 0 | Q32: =SUM(IF(AND(ISNUMBER(INDIRECT($AC32)),INDIRECT($AC32)=INDIRECT($AF32)),1,0),IF(AND(ISNUMBER(INDIRECT($AD32)),INDIRECT($AD32)=INDIRECT($AG32)),1,0),IF(AND(ISNUMBER(INDIRECT($AE32)),INDIRECT($AE32)=INDIRECT($AH32)),1,0)) -> 0 | R32: =SUM(IF(AND(ISNUMBER(INDIRECT($AC32)),INDIRECT($AC32)<INDIRECT($AF32)),1,0),IF(AND(ISNUMBER(INDIRECT($AD32)),INDIRECT($AD32)<INDIRECT($AG32)),1,0),IF(AND(ISNUMBER(INDIRECT($AE32)),INDIRECT($AE32)<INDIRECT($AH32)),1,0)) -> 0 | T32: =IF(NOT(AND(ISNUMBER(C32),ISNUMBER(E32))),"XXX","") -> XXX | U32: =SUM(Y32,Z32,AA32, AB32) -> 0 | Y32: =IF(AND(ISNUMBER(RESULTADOS!C32),ISNUMBER(RESULTADOS!E32),ISNUMBER(C32),ISNUMBER(E32),C32=RESULTADOS!C32,E32=RESULTADOS!E32),2,0) -> 0 | Z32: =IF(AND(ISNUMBER(RESULTADOS!C32),ISNUMBER(RESULTADOS!E32),ISNUMBER(C32),ISNUMBER(E32)),IF(OR(AND(C32>E32,RESULTADOS!C32>RESULTADOS!E32),AND(C32<E32,RESULTADOS!C32<RESULTADOS!E32)),1,IF(AND(C32=E32,RESULTADOS!C32=RESULTADOS!E32),2,0)),0) -> 0 | AA32: =IF(AND(ISNUMBER(RESULTADOS!C32),ISNUMBER(RESULTADOS!E32),ISNUMBER(C32),ISNUMBER(E32),AND(Z32=1,OR(C32=RESULTADOS!C32,E32=RESULTADOS!E32))),1,0) -> 0 | AB32: =IF( AND( ISNUMBER(RESULTADOS!C32), ISNUMBER(RESULTADOS!E32), ISNUMBER(C32), ISNUMBER(E32), AND(Z32=1,AA32=0,(RESULTADOS!C32-RESULTADOS!E32)=(C32-E32)) ), 1, 0 ) -> 0 | AC32: E29 | AD32: E32 | AE32: E34 | AF32: =IF(ISNUMBER(FIND("C", AC32, 1)), SUBSTITUTE(AC32, "C", "E"), SUBSTITUTE(AC32, "E", "C")) -> C29 | AG32: =IF(ISNUMBER(FIND("C", AD32, 1)), SUBSTITUTE(AD32, "C", "E"), SUBSTITUTE(AD32, "E", "C")) -> C32 | AH32: =IF(ISNUMBER(FIND("C", AE32, 1)), SUBSTITUTE(AE32, "C", "E"), SUBSTITUTE(AE32, "E", "C")) -> C34
B33: Turquia | D33: x | F33: Estados Unidos | H33: 46198 | I33: 0.95833333 | K33: Turquia | L33: =SUM(IF(AND(ISNUMBER(INDIRECT($AC33)),INDIRECT($AC33)>INDIRECT($AF33)),3,IF(AND(ISNUMBER(INDIRECT($AC33)),INDIRECT($AC33)=INDIRECT($AF33)),1,0)),IF(AND(ISNUMBER(INDIRECT($AD33)),INDIRECT($AD33)>INDIRECT($AG33)),3,IF(AND(ISNUMBER(INDIRECT($AD33)),INDIRECT($AD33)=INDIRECT($AG33)),1,0)),IF(AND(ISNUMBER(INDIRECT($AE33)),INDIRECT($AE33)>INDIRECT($AH33)),3,IF(AND(ISNUMBER(INDIRECT($AE33)),INDIRECT($AE33)=INDIRECT($AH33)),1,0))) -> 0 | M33: =N33-O33 -> 0 | N33: =SUM(INDIRECT($AC33),INDIRECT($AD33),INDIRECT($AE33)) -> 0 | O33: =SUM(INDIRECT($AF33),INDIRECT($AG33),INDIRECT($AH33)) -> 0 | P33: =SUM(IF(AND(ISNUMBER(INDIRECT($AC33)),INDIRECT($AC33)>INDIRECT($AF33)),1,0),IF(AND(ISNUMBER(INDIRECT($AD33)),INDIRECT($AD33)>INDIRECT($AG33)),1,0),IF(AND(ISNUMBER(INDIRECT($AE33)),INDIRECT($AE33)>INDIRECT($AH33)),1,0)) -> 0 | Q33: =SUM(IF(AND(ISNUMBER(INDIRECT($AC33)),INDIRECT($AC33)=INDIRECT($AF33)),1,0),IF(AND(ISNUMBER(INDIRECT($AD33)),INDIRECT($AD33)=INDIRECT($AG33)),1,0),IF(AND(ISNUMBER(INDIRECT($AE33)),INDIRECT($AE33)=INDIRECT($AH33)),1,0)) -> 0 | R33: =SUM(IF(AND(ISNUMBER(INDIRECT($AC33)),INDIRECT($AC33)<INDIRECT($AF33)),1,0),IF(AND(ISNUMBER(INDIRECT($AD33)),INDIRECT($AD33)<INDIRECT($AG33)),1,0),IF(AND(ISNUMBER(INDIRECT($AE33)),INDIRECT($AE33)<INDIRECT($AH33)),1,0)) -> 0 | T33: =IF(NOT(AND(ISNUMBER(C33),ISNUMBER(E33))),"XXX","") -> XXX | U33: =SUM(Y33,Z33,AA33, AB33) -> 0 | Y33: =IF(AND(ISNUMBER(RESULTADOS!C33),ISNUMBER(RESULTADOS!E33),ISNUMBER(C33),ISNUMBER(E33),C33=RESULTADOS!C33,E33=RESULTADOS!E33),2,0) -> 0 | Z33: =IF(AND(ISNUMBER(RESULTADOS!C33),ISNUMBER(RESULTADOS!E33),ISNUMBER(C33),ISNUMBER(E33)),IF(OR(AND(C33>E33,RESULTADOS!C33>RESULTADOS!E33),AND(C33<E33,RESULTADOS!C33<RESULTADOS!E33)),1,IF(AND(C33=E33,RESULTADOS!C33=RESULTADOS!E33),2,0)),0) -> 0 | AA33: =IF(AND(ISNUMBER(RESULTADOS!C33),ISNUMBER(RESULTADOS!E33),ISNUMBER(C33),ISNUMBER(E33),AND(Z33=1,OR(C33=RESULTADOS!C33,E33=RESULTADOS!E33))),1,0) -> 0 | AB33: =IF( AND( ISNUMBER(RESULTADOS!C33), ISNUMBER(RESULTADOS!E33), ISNUMBER(C33), ISNUMBER(E33), AND(Z33=1,AA33=0,(RESULTADOS!C33-RESULTADOS!E33)=(C33-E33)) ), 1, 0 ) -> 0 | AC33: E30 | AD33: C32 | AE33: C33 | AF33: =IF(ISNUMBER(FIND("C", AC33, 1)), SUBSTITUTE(AC33, "C", "E"), SUBSTITUTE(AC33, "E", "C")) -> C30 | AG33: =IF(ISNUMBER(FIND("C", AD33, 1)), SUBSTITUTE(AD33, "C", "E"), SUBSTITUTE(AD33, "E", "C")) -> E32 | AH33: =IF(ISNUMBER(FIND("C", AE33, 1)), SUBSTITUTE(AE33, "C", "E"), SUBSTITUTE(AE33, "E", "C")) -> E33
B34: Paraguai | D34: x | F34: Austrália | H34: 46198 | I34: 0.95833333 | T34: =IF(NOT(AND(ISNUMBER(C34),ISNUMBER(E34))),"XXX","") -> XXX | U34: =SUM(Y34,Z34,AA34, AB34) -> 0 | Y34: =IF(AND(ISNUMBER(RESULTADOS!C34),ISNUMBER(RESULTADOS!E34),ISNUMBER(C34),ISNUMBER(E34),C34=RESULTADOS!C34,E34=RESULTADOS!E34),2,0) -> 0 | Z34: =IF(AND(ISNUMBER(RESULTADOS!C34),ISNUMBER(RESULTADOS!E34),ISNUMBER(C34),ISNUMBER(E34)),IF(OR(AND(C34>E34,RESULTADOS!C34>RESULTADOS!E34),AND(C34<E34,RESULTADOS!C34<RESULTADOS!E34)),1,IF(AND(C34=E34,RESULTADOS!C34=RESULTADOS!E34),2,0)),0) -> 0 | AA34: =IF(AND(ISNUMBER(RESULTADOS!C34),ISNUMBER(RESULTADOS!E34),ISNUMBER(C34),ISNUMBER(E34),AND(Z34=1,OR(C34=RESULTADOS!C34,E34=RESULTADOS!E34))),1,0) -> 0 | AB34: =IF( AND( ISNUMBER(RESULTADOS!C34), ISNUMBER(RESULTADOS!E34), ISNUMBER(C34), ISNUMBER(E34), AND(Z34=1,AA34=0,(RESULTADOS!C34-RESULTADOS!E34)=(C34-E34)) ), 1, 0 ) -> 0
B36: GRUPO E | H36: DIA | I36: HORA
B37: Alemanha | D37: x | F37: Curaçao | H37: 46187 | I37: 0.58333333 | L37: P | M37: SG | N37: GP | O37: GC | P37: V | Q37: E | R37: D | T37: =IF(NOT(AND(ISNUMBER(C37),ISNUMBER(E37))),"XXX","") -> XXX | U37: =SUM(Y37,Z37,AA37, AB37) -> 0 | Y37: =IF(AND(ISNUMBER(RESULTADOS!C37),ISNUMBER(RESULTADOS!E37),ISNUMBER(C37),ISNUMBER(E37),C37=RESULTADOS!C37,E37=RESULTADOS!E37),2,0) -> 0 | Z37: =IF(AND(ISNUMBER(RESULTADOS!C37),ISNUMBER(RESULTADOS!E37),ISNUMBER(C37),ISNUMBER(E37)),IF(OR(AND(C37>E37,RESULTADOS!C37>RESULTADOS!E37),AND(C37<E37,RESULTADOS!C37<RESULTADOS!E37)),1,IF(AND(C37=E37,RESULTADOS!C37=RESULTADOS!E37),2,0)),0) -> 0 | AA37: =IF(AND(ISNUMBER(RESULTADOS!C37),ISNUMBER(RESULTADOS!E37),ISNUMBER(C37),ISNUMBER(E37),AND(Z37=1,OR(C37=RESULTADOS!C37,E37=RESULTADOS!E37))),1,0) -> 0 | AB37: =IF( AND( ISNUMBER(RESULTADOS!C37), ISNUMBER(RESULTADOS!E37), ISNUMBER(C37), ISNUMBER(E37), AND(Z37=1,AA37=0,(RESULTADOS!C37-RESULTADOS!E37)=(C37-E37)) ), 1, 0 ) -> 0
B38: Costa do Marfim | D38: x | F38: Equador | H38: 46187 | I38: 0.83333333 | K38: Alemanha | L38: =SUM(IF(AND(ISNUMBER(INDIRECT($AC38)),INDIRECT($AC38)>INDIRECT($AF38)),3,IF(AND(ISNUMBER(INDIRECT($AC38)),INDIRECT($AC38)=INDIRECT($AF38)),1,0)),IF(AND(ISNUMBER(INDIRECT($AD38)),INDIRECT($AD38)>INDIRECT($AG38)),3,IF(AND(ISNUMBER(INDIRECT($AD38)),INDIRECT($AD38)=INDIRECT($AG38)),1,0)),IF(AND(ISNUMBER(INDIRECT($AE38)),INDIRECT($AE38)>INDIRECT($AH38)),3,IF(AND(ISNUMBER(INDIRECT($AE38)),INDIRECT($AE38)=INDIRECT($AH38)),1,0))) -> 0 | M38: =N38-O38 -> 0 | N38: =SUM(INDIRECT($AC38),INDIRECT($AD38),INDIRECT($AE38)) -> 0 | O38: =SUM(INDIRECT($AF38),INDIRECT($AG38),INDIRECT($AH38)) -> 0 | P38: =SUM(IF(AND(ISNUMBER(INDIRECT($AC38)),INDIRECT($AC38)>INDIRECT($AF38)),1,0),IF(AND(ISNUMBER(INDIRECT($AD38)),INDIRECT($AD38)>INDIRECT($AG38)),1,0),IF(AND(ISNUMBER(INDIRECT($AE38)),INDIRECT($AE38)>INDIRECT($AH38)),1,0)) -> 0 | Q38: =SUM(IF(AND(ISNUMBER(INDIRECT($AC38)),INDIRECT($AC38)=INDIRECT($AF38)),1,0),IF(AND(ISNUMBER(INDIRECT($AD38)),INDIRECT($AD38)=INDIRECT($AG38)),1,0),IF(AND(ISNUMBER(INDIRECT($AE38)),INDIRECT($AE38)=INDIRECT($AH38)),1,0)) -> 0 | R38: =SUM(IF(AND(ISNUMBER(INDIRECT($AC38)),INDIRECT($AC38)<INDIRECT($AF38)),1,0),IF(AND(ISNUMBER(INDIRECT($AD38)),INDIRECT($AD38)<INDIRECT($AG38)),1,0),IF(AND(ISNUMBER(INDIRECT($AE38)),INDIRECT($AE38)<INDIRECT($AH38)),1,0)) -> 0 | T38: =IF(NOT(AND(ISNUMBER(C38),ISNUMBER(E38))),"XXX","") -> XXX | U38: =SUM(Y38,Z38,AA38, AB38) -> 0 | Y38: =IF(AND(ISNUMBER(RESULTADOS!C38),ISNUMBER(RESULTADOS!E38),ISNUMBER(C38),ISNUMBER(E38),C38=RESULTADOS!C38,E38=RESULTADOS!E38),2,0) -> 0 | Z38: =IF(AND(ISNUMBER(RESULTADOS!C38),ISNUMBER(RESULTADOS!E38),ISNUMBER(C38),ISNUMBER(E38)),IF(OR(AND(C38>E38,RESULTADOS!C38>RESULTADOS!E38),AND(C38<E38,RESULTADOS!C38<RESULTADOS!E38)),1,IF(AND(C38=E38,RESULTADOS!C38=RESULTADOS!E38),2,0)),0) -> 0 | AA38: =IF(AND(ISNUMBER(RESULTADOS!C38),ISNUMBER(RESULTADOS!E38),ISNUMBER(C38),ISNUMBER(E38),AND(Z38=1,OR(C38=RESULTADOS!C38,E38=RESULTADOS!E38))),1,0) -> 0 | AB38: =IF( AND( ISNUMBER(RESULTADOS!C38), ISNUMBER(RESULTADOS!E38), ISNUMBER(C38), ISNUMBER(E38), AND(Z38=1,AA38=0,(RESULTADOS!C38-RESULTADOS!E38)=(C38-E38)) ), 1, 0 ) -> 0 | AC38: C37 | AD38: C39 | AE38: E41 | AF38: =IF(ISNUMBER(FIND("C", AC38, 1)), SUBSTITUTE(AC38, "C", "E"), SUBSTITUTE(AC38, "E", "C")) -> E37 | AG38: =IF(ISNUMBER(FIND("C", AD38, 1)), SUBSTITUTE(AD38, "C", "E"), SUBSTITUTE(AD38, "E", "C")) -> E39 | AH38: =IF(ISNUMBER(FIND("C", AE38, 1)), SUBSTITUTE(AE38, "C", "E"), SUBSTITUTE(AE38, "E", "C")) -> C41
B39: Alemanha | D39: x | F39: Costa do Marfim | H39: 46193 | I39: 0.70833333 | K39: Costa do Marfim | L39: =SUM(IF(AND(ISNUMBER(INDIRECT($AC39)),INDIRECT($AC39)>INDIRECT($AF39)),3,IF(AND(ISNUMBER(INDIRECT($AC39)),INDIRECT($AC39)=INDIRECT($AF39)),1,0)),IF(AND(ISNUMBER(INDIRECT($AD39)),INDIRECT($AD39)>INDIRECT($AG39)),3,IF(AND(ISNUMBER(INDIRECT($AD39)),INDIRECT($AD39)=INDIRECT($AG39)),1,0)),IF(AND(ISNUMBER(INDIRECT($AE39)),INDIRECT($AE39)>INDIRECT($AH39)),3,IF(AND(ISNUMBER(INDIRECT($AE39)),INDIRECT($AE39)=INDIRECT($AH39)),1,0))) -> 0 | M39: =N39-O39 -> 0 | N39: =SUM(INDIRECT($AC39),INDIRECT($AD39),INDIRECT($AE39)) -> 0 | O39: =SUM(INDIRECT($AF39),INDIRECT($AG39),INDIRECT($AH39)) -> 0 | P39: =SUM(IF(AND(ISNUMBER(INDIRECT($AC39)),INDIRECT($AC39)>INDIRECT($AF39)),1,0),IF(AND(ISNUMBER(INDIRECT($AD39)),INDIRECT($AD39)>INDIRECT($AG39)),1,0),IF(AND(ISNUMBER(INDIRECT($AE39)),INDIRECT($AE39)>INDIRECT($AH39)),1,0)) -> 0 | Q39: =SUM(IF(AND(ISNUMBER(INDIRECT($AC39)),INDIRECT($AC39)=INDIRECT($AF39)),1,0),IF(AND(ISNUMBER(INDIRECT($AD39)),INDIRECT($AD39)=INDIRECT($AG39)),1,0),IF(AND(ISNUMBER(INDIRECT($AE39)),INDIRECT($AE39)=INDIRECT($AH39)),1,0)) -> 0 | R39: =SUM(IF(AND(ISNUMBER(INDIRECT($AC39)),INDIRECT($AC39)<INDIRECT($AF39)),1,0),IF(AND(ISNUMBER(INDIRECT($AD39)),INDIRECT($AD39)<INDIRECT($AG39)),1,0),IF(AND(ISNUMBER(INDIRECT($AE39)),INDIRECT($AE39)<INDIRECT($AH39)),1,0)) -> 0 | T39: =IF(NOT(AND(ISNUMBER(C39),ISNUMBER(E39))),"XXX","") -> XXX | U39: =SUM(Y39,Z39,AA39, AB39) -> 0 | Y39: =IF(AND(ISNUMBER(RESULTADOS!C39),ISNUMBER(RESULTADOS!E39),ISNUMBER(C39),ISNUMBER(E39),C39=RESULTADOS!C39,E39=RESULTADOS!E39),2,0) -> 0 | Z39: =IF(AND(ISNUMBER(RESULTADOS!C39),ISNUMBER(RESULTADOS!E39),ISNUMBER(C39),ISNUMBER(E39)),IF(OR(AND(C39>E39,RESULTADOS!C39>RESULTADOS!E39),AND(C39<E39,RESULTADOS!C39<RESULTADOS!E39)),1,IF(AND(C39=E39,RESULTADOS!C39=RESULTADOS!E39),2,0)),0) -> 0 | AA39: =IF(AND(ISNUMBER(RESULTADOS!C39),ISNUMBER(RESULTADOS!E39),ISNUMBER(C39),ISNUMBER(E39),AND(Z39=1,OR(C39=RESULTADOS!C39,E39=RESULTADOS!E39))),1,0) -> 0 | AB39: =IF( AND( ISNUMBER(RESULTADOS!C39), ISNUMBER(RESULTADOS!E39), ISNUMBER(C39), ISNUMBER(E39), AND(Z39=1,AA39=0,(RESULTADOS!C39-RESULTADOS!E39)=(C39-E39)) ), 1, 0 ) -> 0 | AC39: C38 | AD39: E39 | AE39: E42 | AF39: =IF(ISNUMBER(FIND("C", AC39, 1)), SUBSTITUTE(AC39, "C", "E"), SUBSTITUTE(AC39, "E", "C")) -> E38 | AG39: =IF(ISNUMBER(FIND("C", AD39, 1)), SUBSTITUTE(AD39, "C", "E"), SUBSTITUTE(AD39, "E", "C")) -> C39 | AH39: =IF(ISNUMBER(FIND("C", AE39, 1)), SUBSTITUTE(AE39, "C", "E"), SUBSTITUTE(AE39, "E", "C")) -> C42
B40: Equador | D40: x | F40: Curaçao | H40: 46193 | I40: 0.875 | K40: Curaçao | L40: =SUM(IF(AND(ISNUMBER(INDIRECT($AC40)),INDIRECT($AC40)>INDIRECT($AF40)),3,IF(AND(ISNUMBER(INDIRECT($AC40)),INDIRECT($AC40)=INDIRECT($AF40)),1,0)),IF(AND(ISNUMBER(INDIRECT($AD40)),INDIRECT($AD40)>INDIRECT($AG40)),3,IF(AND(ISNUMBER(INDIRECT($AD40)),INDIRECT($AD40)=INDIRECT($AG40)),1,0)),IF(AND(ISNUMBER(INDIRECT($AE40)),INDIRECT($AE40)>INDIRECT($AH40)),3,IF(AND(ISNUMBER(INDIRECT($AE40)),INDIRECT($AE40)=INDIRECT($AH40)),1,0))) -> 0 | M40: =N40-O40 -> 0 | N40: =SUM(INDIRECT($AC40),INDIRECT($AD40),INDIRECT($AE40)) -> 0 | O40: =SUM(INDIRECT($AF40),INDIRECT($AG40),INDIRECT($AH40)) -> 0 | P40: =SUM(IF(AND(ISNUMBER(INDIRECT($AC40)),INDIRECT($AC40)>INDIRECT($AF40)),1,0),IF(AND(ISNUMBER(INDIRECT($AD40)),INDIRECT($AD40)>INDIRECT($AG40)),1,0),IF(AND(ISNUMBER(INDIRECT($AE40)),INDIRECT($AE40)>INDIRECT($AH40)),1,0)) -> 0 | Q40: =SUM(IF(AND(ISNUMBER(INDIRECT($AC40)),INDIRECT($AC40)=INDIRECT($AF40)),1,0),IF(AND(ISNUMBER(INDIRECT($AD40)),INDIRECT($AD40)=INDIRECT($AG40)),1,0),IF(AND(ISNUMBER(INDIRECT($AE40)),INDIRECT($AE40)=INDIRECT($AH40)),1,0)) -> 0 | R40: =SUM(IF(AND(ISNUMBER(INDIRECT($AC40)),INDIRECT($AC40)<INDIRECT($AF40)),1,0),IF(AND(ISNUMBER(INDIRECT($AD40)),INDIRECT($AD40)<INDIRECT($AG40)),1,0),IF(AND(ISNUMBER(INDIRECT($AE40)),INDIRECT($AE40)<INDIRECT($AH40)),1,0)) -> 0 | T40: =IF(NOT(AND(ISNUMBER(C40),ISNUMBER(E40))),"XXX","") -> XXX | U40: =SUM(Y40,Z40,AA40, AB40) -> 0 | Y40: =IF(AND(ISNUMBER(RESULTADOS!C40),ISNUMBER(RESULTADOS!E40),ISNUMBER(C40),ISNUMBER(E40),C40=RESULTADOS!C40,E40=RESULTADOS!E40),2,0) -> 0 | Z40: =IF(AND(ISNUMBER(RESULTADOS!C40),ISNUMBER(RESULTADOS!E40),ISNUMBER(C40),ISNUMBER(E40)),IF(OR(AND(C40>E40,RESULTADOS!C40>RESULTADOS!E40),AND(C40<E40,RESULTADOS!C40<RESULTADOS!E40)),1,IF(AND(C40=E40,RESULTADOS!C40=RESULTADOS!E40),2,0)),0) -> 0 | AA40: =IF(AND(ISNUMBER(RESULTADOS!C40),ISNUMBER(RESULTADOS!E40),ISNUMBER(C40),ISNUMBER(E40),AND(Z40=1,OR(C40=RESULTADOS!C40,E40=RESULTADOS!E40))),1,0) -> 0 | AB40: =IF( AND( ISNUMBER(RESULTADOS!C40), ISNUMBER(RESULTADOS!E40), ISNUMBER(C40), ISNUMBER(E40), AND(Z40=1,AA40=0,(RESULTADOS!C40-RESULTADOS!E40)=(C40-E40)) ), 1, 0 ) -> 0 | AC40: E37 | AD40: E40 | AE40: C42 | AF40: =IF(ISNUMBER(FIND("C", AC40, 1)), SUBSTITUTE(AC40, "C", "E"), SUBSTITUTE(AC40, "E", "C")) -> C37 | AG40: =IF(ISNUMBER(FIND("C", AD40, 1)), SUBSTITUTE(AD40, "C", "E"), SUBSTITUTE(AD40, "E", "C")) -> C40 | AH40: =IF(ISNUMBER(FIND("C", AE40, 1)), SUBSTITUTE(AE40, "C", "E"), SUBSTITUTE(AE40, "E", "C")) -> E42
B41: Equador | D41: x | F41: Alemanha | H41: 46198 | I41: 0.70833333 | K41: Equador | L41: =SUM(IF(AND(ISNUMBER(INDIRECT($AC41)),INDIRECT($AC41)>INDIRECT($AF41)),3,IF(AND(ISNUMBER(INDIRECT($AC41)),INDIRECT($AC41)=INDIRECT($AF41)),1,0)),IF(AND(ISNUMBER(INDIRECT($AD41)),INDIRECT($AD41)>INDIRECT($AG41)),3,IF(AND(ISNUMBER(INDIRECT($AD41)),INDIRECT($AD41)=INDIRECT($AG41)),1,0)),IF(AND(ISNUMBER(INDIRECT($AE41)),INDIRECT($AE41)>INDIRECT($AH41)),3,IF(AND(ISNUMBER(INDIRECT($AE41)),INDIRECT($AE41)=INDIRECT($AH41)),1,0))) -> 0 | M41: =N41-O41 -> 0 | N41: =SUM(INDIRECT($AC41),INDIRECT($AD41),INDIRECT($AE41)) -> 0 | O41: =SUM(INDIRECT($AF41),INDIRECT($AG41),INDIRECT($AH41)) -> 0 | P41: =SUM(IF(AND(ISNUMBER(INDIRECT($AC41)),INDIRECT($AC41)>INDIRECT($AF41)),1,0),IF(AND(ISNUMBER(INDIRECT($AD41)),INDIRECT($AD41)>INDIRECT($AG41)),1,0),IF(AND(ISNUMBER(INDIRECT($AE41)),INDIRECT($AE41)>INDIRECT($AH41)),1,0)) -> 0 | Q41: =SUM(IF(AND(ISNUMBER(INDIRECT($AC41)),INDIRECT($AC41)=INDIRECT($AF41)),1,0),IF(AND(ISNUMBER(INDIRECT($AD41)),INDIRECT($AD41)=INDIRECT($AG41)),1,0),IF(AND(ISNUMBER(INDIRECT($AE41)),INDIRECT($AE41)=INDIRECT($AH41)),1,0)) -> 0 | R41: =SUM(IF(AND(ISNUMBER(INDIRECT($AC41)),INDIRECT($AC41)<INDIRECT($AF41)),1,0),IF(AND(ISNUMBER(INDIRECT($AD41)),INDIRECT($AD41)<INDIRECT($AG41)),1,0),IF(AND(ISNUMBER(INDIRECT($AE41)),INDIRECT($AE41)<INDIRECT($AH41)),1,0)) -> 0 | T41: =IF(NOT(AND(ISNUMBER(C41),ISNUMBER(E41))),"XXX","") -> XXX | U41: =SUM(Y41,Z41,AA41, AB41) -> 0 | Y41: =IF(AND(ISNUMBER(RESULTADOS!C41),ISNUMBER(RESULTADOS!E41),ISNUMBER(C41),ISNUMBER(E41),C41=RESULTADOS!C41,E41=RESULTADOS!E41),2,0) -> 0 | Z41: =IF(AND(ISNUMBER(RESULTADOS!C41),ISNUMBER(RESULTADOS!E41),ISNUMBER(C41),ISNUMBER(E41)),IF(OR(AND(C41>E41,RESULTADOS!C41>RESULTADOS!E41),AND(C41<E41,RESULTADOS!C41<RESULTADOS!E41)),1,IF(AND(C41=E41,RESULTADOS!C41=RESULTADOS!E41),2,0)),0) -> 0 | AA41: =IF(AND(ISNUMBER(RESULTADOS!C41),ISNUMBER(RESULTADOS!E41),ISNUMBER(C41),ISNUMBER(E41),AND(Z41=1,OR(C41=RESULTADOS!C41,E41=RESULTADOS!E41))),1,0) -> 0 | AB41: =IF( AND( ISNUMBER(RESULTADOS!C41), ISNUMBER(RESULTADOS!E41), ISNUMBER(C41), ISNUMBER(E41), AND(Z41=1,AA41=0,(RESULTADOS!C41-RESULTADOS!E41)=(C41-E41)) ), 1, 0 ) -> 0 | AC41: E38 | AD41: C40 | AE41: C41 | AF41: =IF(ISNUMBER(FIND("C", AC41, 1)), SUBSTITUTE(AC41, "C", "E"), SUBSTITUTE(AC41, "E", "C")) -> C38 | AG41: =IF(ISNUMBER(FIND("C", AD41, 1)), SUBSTITUTE(AD41, "C", "E"), SUBSTITUTE(AD41, "E", "C")) -> E40 | AH41: =IF(ISNUMBER(FIND("C", AE41, 1)), SUBSTITUTE(AE41, "C", "E"), SUBSTITUTE(AE41, "E", "C")) -> E41
B42: Curaçao | D42: x | F42: Costa do Marfim | H42: 46198 | I42: 0.70833333 | T42: =IF(NOT(AND(ISNUMBER(C42),ISNUMBER(E42))),"XXX","") -> XXX | U42: =SUM(Y42,Z42,AA42, AB42) -> 0 | Y42: =IF(AND(ISNUMBER(RESULTADOS!C42),ISNUMBER(RESULTADOS!E42),ISNUMBER(C42),ISNUMBER(E42),C42=RESULTADOS!C42,E42=RESULTADOS!E42),2,0) -> 0 | Z42: =IF(AND(ISNUMBER(RESULTADOS!C42),ISNUMBER(RESULTADOS!E42),ISNUMBER(C42),ISNUMBER(E42)),IF(OR(AND(C42>E42,RESULTADOS!C42>RESULTADOS!E42),AND(C42<E42,RESULTADOS!C42<RESULTADOS!E42)),1,IF(AND(C42=E42,RESULTADOS!C42=RESULTADOS!E42),2,0)),0) -> 0 | AA42: =IF(AND(ISNUMBER(RESULTADOS!C42),ISNUMBER(RESULTADOS!E42),ISNUMBER(C42),ISNUMBER(E42),AND(Z42=1,OR(C42=RESULTADOS!C42,E42=RESULTADOS!E42))),1,0) -> 0 | AB42: =IF( AND( ISNUMBER(RESULTADOS!C42), ISNUMBER(RESULTADOS!E42), ISNUMBER(C42), ISNUMBER(E42), AND(Z42=1,AA42=0,(RESULTADOS!C42-RESULTADOS!E42)=(C42-E42)) ), 1, 0 ) -> 0
B44: GRUPO F | H44: DIA | I44: HORA
B45: Holanda | D45: x | F45: Japão | H45: 46187 | I45: 0.70833333 | L45: P | M45: SG | N45: GP | O45: GC | P45: V | Q45: E | R45: D | T45: =IF(NOT(AND(ISNUMBER(C45),ISNUMBER(E45))),"XXX","") -> XXX | U45: =SUM(Y45,Z45,AA45, AB45) -> 0 | Y45: =IF(AND(ISNUMBER(RESULTADOS!C45),ISNUMBER(RESULTADOS!E45),ISNUMBER(C45),ISNUMBER(E45),C45=RESULTADOS!C45,E45=RESULTADOS!E45),2,0) -> 0 | Z45: =IF(AND(ISNUMBER(RESULTADOS!C45),ISNUMBER(RESULTADOS!E45),ISNUMBER(C45),ISNUMBER(E45)),IF(OR(AND(C45>E45,RESULTADOS!C45>RESULTADOS!E45),AND(C45<E45,RESULTADOS!C45<RESULTADOS!E45)),1,IF(AND(C45=E45,RESULTADOS!C45=RESULTADOS!E45),2,0)),0) -> 0 | AA45: =IF(AND(ISNUMBER(RESULTADOS!C45),ISNUMBER(RESULTADOS!E45),ISNUMBER(C45),ISNUMBER(E45),AND(Z45=1,OR(C45=RESULTADOS!C45,E45=RESULTADOS!E45))),1,0) -> 0 | AB45: =IF( AND( ISNUMBER(RESULTADOS!C45), ISNUMBER(RESULTADOS!E45), ISNUMBER(C45), ISNUMBER(E45), AND(Z45=1,AA45=0,(RESULTADOS!C45-RESULTADOS!E45)=(C45-E45)) ), 1, 0 ) -> 0
B46: Suécia | D46: x | F46: Tunísia | H46: 46187 | I46: 0.95833333 | K46: Holanda | L46: =SUM(IF(AND(ISNUMBER(INDIRECT($AC46)),INDIRECT($AC46)>INDIRECT($AF46)),3,IF(AND(ISNUMBER(INDIRECT($AC46)),INDIRECT($AC46)=INDIRECT($AF46)),1,0)),IF(AND(ISNUMBER(INDIRECT($AD46)),INDIRECT($AD46)>INDIRECT($AG46)),3,IF(AND(ISNUMBER(INDIRECT($AD46)),INDIRECT($AD46)=INDIRECT($AG46)),1,0)),IF(AND(ISNUMBER(INDIRECT($AE46)),INDIRECT($AE46)>INDIRECT($AH46)),3,IF(AND(ISNUMBER(INDIRECT($AE46)),INDIRECT($AE46)=INDIRECT($AH46)),1,0))) -> 0 | M46: =N46-O46 -> 0 | N46: =SUM(INDIRECT($AC46),INDIRECT($AD46),INDIRECT($AE46)) -> 0 | O46: =SUM(INDIRECT($AF46),INDIRECT($AG46),INDIRECT($AH46)) -> 0 | P46: =SUM(IF(AND(ISNUMBER(INDIRECT($AC46)),INDIRECT($AC46)>INDIRECT($AF46)),1,0),IF(AND(ISNUMBER(INDIRECT($AD46)),INDIRECT($AD46)>INDIRECT($AG46)),1,0),IF(AND(ISNUMBER(INDIRECT($AE46)),INDIRECT($AE46)>INDIRECT($AH46)),1,0)) -> 0 | Q46: =SUM(IF(AND(ISNUMBER(INDIRECT($AC46)),INDIRECT($AC46)=INDIRECT($AF46)),1,0),IF(AND(ISNUMBER(INDIRECT($AD46)),INDIRECT($AD46)=INDIRECT($AG46)),1,0),IF(AND(ISNUMBER(INDIRECT($AE46)),INDIRECT($AE46)=INDIRECT($AH46)),1,0)) -> 0 | R46: =SUM(IF(AND(ISNUMBER(INDIRECT($AC46)),INDIRECT($AC46)<INDIRECT($AF46)),1,0),IF(AND(ISNUMBER(INDIRECT($AD46)),INDIRECT($AD46)<INDIRECT($AG46)),1,0),IF(AND(ISNUMBER(INDIRECT($AE46)),INDIRECT($AE46)<INDIRECT($AH46)),1,0)) -> 0 | T46: =IF(NOT(AND(ISNUMBER(C46),ISNUMBER(E46))),"XXX","") -> XXX | U46: =SUM(Y46,Z46,AA46, AB46) -> 0 | Y46: =IF(AND(ISNUMBER(RESULTADOS!C46),ISNUMBER(RESULTADOS!E46),ISNUMBER(C46),ISNUMBER(E46),C46=RESULTADOS!C46,E46=RESULTADOS!E46),2,0) -> 0 | Z46: =IF(AND(ISNUMBER(RESULTADOS!C46),ISNUMBER(RESULTADOS!E46),ISNUMBER(C46),ISNUMBER(E46)),IF(OR(AND(C46>E46,RESULTADOS!C46>RESULTADOS!E46),AND(C46<E46,RESULTADOS!C46<RESULTADOS!E46)),1,IF(AND(C46=E46,RESULTADOS!C46=RESULTADOS!E46),2,0)),0) -> 0 | AA46: =IF(AND(ISNUMBER(RESULTADOS!C46),ISNUMBER(RESULTADOS!E46),ISNUMBER(C46),ISNUMBER(E46),AND(Z46=1,OR(C46=RESULTADOS!C46,E46=RESULTADOS!E46))),1,0) -> 0 | AB46: =IF( AND( ISNUMBER(RESULTADOS!C46), ISNUMBER(RESULTADOS!E46), ISNUMBER(C46), ISNUMBER(E46), AND(Z46=1,AA46=0,(RESULTADOS!C46-RESULTADOS!E46)=(C46-E46)) ), 1, 0 ) -> 0 | AC46: C45 | AD46: C47 | AE46: E49 | AF46: =IF(ISNUMBER(FIND("C", AC46, 1)), SUBSTITUTE(AC46, "C", "E"), SUBSTITUTE(AC46, "E", "C")) -> E45 | AG46: =IF(ISNUMBER(FIND("C", AD46, 1)), SUBSTITUTE(AD46, "C", "E"), SUBSTITUTE(AD46, "E", "C")) -> E47 | AH46: =IF(ISNUMBER(FIND("C", AE46, 1)), SUBSTITUTE(AE46, "C", "E"), SUBSTITUTE(AE46, "E", "C")) -> C49
B47: Holanda | D47: x | F47: Suécia | H47: 46193 | I47: 0.58333333 | K47: Japão | L47: =SUM(IF(AND(ISNUMBER(INDIRECT($AC47)),INDIRECT($AC47)>INDIRECT($AF47)),3,IF(AND(ISNUMBER(INDIRECT($AC47)),INDIRECT($AC47)=INDIRECT($AF47)),1,0)),IF(AND(ISNUMBER(INDIRECT($AD47)),INDIRECT($AD47)>INDIRECT($AG47)),3,IF(AND(ISNUMBER(INDIRECT($AD47)),INDIRECT($AD47)=INDIRECT($AG47)),1,0)),IF(AND(ISNUMBER(INDIRECT($AE47)),INDIRECT($AE47)>INDIRECT($AH47)),3,IF(AND(ISNUMBER(INDIRECT($AE47)),INDIRECT($AE47)=INDIRECT($AH47)),1,0))) -> 0 | M47: =N47-O47 -> 0 | N47: =SUM(INDIRECT($AC47),INDIRECT($AD47),INDIRECT($AE47)) -> 0 | O47: =SUM(INDIRECT($AF47),INDIRECT($AG47),INDIRECT($AH47)) -> 0 | P47: =SUM(IF(AND(ISNUMBER(INDIRECT($AC47)),INDIRECT($AC47)>INDIRECT($AF47)),1,0),IF(AND(ISNUMBER(INDIRECT($AD47)),INDIRECT($AD47)>INDIRECT($AG47)),1,0),IF(AND(ISNUMBER(INDIRECT($AE47)),INDIRECT($AE47)>INDIRECT($AH47)),1,0)) -> 0 | Q47: =SUM(IF(AND(ISNUMBER(INDIRECT($AC47)),INDIRECT($AC47)=INDIRECT($AF47)),1,0),IF(AND(ISNUMBER(INDIRECT($AD47)),INDIRECT($AD47)=INDIRECT($AG47)),1,0),IF(AND(ISNUMBER(INDIRECT($AE47)),INDIRECT($AE47)=INDIRECT($AH47)),1,0)) -> 0 | R47: =SUM(IF(AND(ISNUMBER(INDIRECT($AC47)),INDIRECT($AC47)<INDIRECT($AF47)),1,0),IF(AND(ISNUMBER(INDIRECT($AD47)),INDIRECT($AD47)<INDIRECT($AG47)),1,0),IF(AND(ISNUMBER(INDIRECT($AE47)),INDIRECT($AE47)<INDIRECT($AH47)),1,0)) -> 0 | T47: =IF(NOT(AND(ISNUMBER(C47),ISNUMBER(E47))),"XXX","") -> XXX | U47: =SUM(Y47,Z47,AA47, AB47) -> 0 | Y47: =IF(AND(ISNUMBER(RESULTADOS!C47),ISNUMBER(RESULTADOS!E47),ISNUMBER(C47),ISNUMBER(E47),C47=RESULTADOS!C47,E47=RESULTADOS!E47),2,0) -> 0 | Z47: =IF(AND(ISNUMBER(RESULTADOS!C47),ISNUMBER(RESULTADOS!E47),ISNUMBER(C47),ISNUMBER(E47)),IF(OR(AND(C47>E47,RESULTADOS!C47>RESULTADOS!E47),AND(C47<E47,RESULTADOS!C47<RESULTADOS!E47)),1,IF(AND(C47=E47,RESULTADOS!C47=RESULTADOS!E47),2,0)),0) -> 0 | AA47: =IF(AND(ISNUMBER(RESULTADOS!C47),ISNUMBER(RESULTADOS!E47),ISNUMBER(C47),ISNUMBER(E47),AND(Z47=1,OR(C47=RESULTADOS!C47,E47=RESULTADOS!E47))),1,0) -> 0 | AB47: =IF( AND( ISNUMBER(RESULTADOS!C47), ISNUMBER(RESULTADOS!E47), ISNUMBER(C47), ISNUMBER(E47), AND(Z47=1,AA47=0,(RESULTADOS!C47-RESULTADOS!E47)=(C47-E47)) ), 1, 0 ) -> 0 | AC47: E45 | AD47: E48 | AE47: C50 | AF47: =IF(ISNUMBER(FIND("C", AC47, 1)), SUBSTITUTE(AC47, "C", "E"), SUBSTITUTE(AC47, "E", "C")) -> C45 | AG47: =IF(ISNUMBER(FIND("C", AD47, 1)), SUBSTITUTE(AD47, "C", "E"), SUBSTITUTE(AD47, "E", "C")) -> C48 | AH47: =IF(ISNUMBER(FIND("C", AE47, 1)), SUBSTITUTE(AE47, "C", "E"), SUBSTITUTE(AE47, "E", "C")) -> E50
B48: Tunísia | D48: x | F48: Japão | H48: 46194 | I48: 0.041666667 | K48: Suécia | L48: =SUM(IF(AND(ISNUMBER(INDIRECT($AC48)),INDIRECT($AC48)>INDIRECT($AF48)),3,IF(AND(ISNUMBER(INDIRECT($AC48)),INDIRECT($AC48)=INDIRECT($AF48)),1,0)),IF(AND(ISNUMBER(INDIRECT($AD48)),INDIRECT($AD48)>INDIRECT($AG48)),3,IF(AND(ISNUMBER(INDIRECT($AD48)),INDIRECT($AD48)=INDIRECT($AG48)),1,0)),IF(AND(ISNUMBER(INDIRECT($AE48)),INDIRECT($AE48)>INDIRECT($AH48)),3,IF(AND(ISNUMBER(INDIRECT($AE48)),INDIRECT($AE48)=INDIRECT($AH48)),1,0))) -> 0 | M48: =N48-O48 -> 0 | N48: =SUM(INDIRECT($AC48),INDIRECT($AD48),INDIRECT($AE48)) -> 0 | O48: =SUM(INDIRECT($AF48),INDIRECT($AG48),INDIRECT($AH48)) -> 0 | P48: =SUM(IF(AND(ISNUMBER(INDIRECT($AC48)),INDIRECT($AC48)>INDIRECT($AF48)),1,0),IF(AND(ISNUMBER(INDIRECT($AD48)),INDIRECT($AD48)>INDIRECT($AG48)),1,0),IF(AND(ISNUMBER(INDIRECT($AE48)),INDIRECT($AE48)>INDIRECT($AH48)),1,0)) -> 0 | Q48: =SUM(IF(AND(ISNUMBER(INDIRECT($AC48)),INDIRECT($AC48)=INDIRECT($AF48)),1,0),IF(AND(ISNUMBER(INDIRECT($AD48)),INDIRECT($AD48)=INDIRECT($AG48)),1,0),IF(AND(ISNUMBER(INDIRECT($AE48)),INDIRECT($AE48)=INDIRECT($AH48)),1,0)) -> 0 | R48: =SUM(IF(AND(ISNUMBER(INDIRECT($AC48)),INDIRECT($AC48)<INDIRECT($AF48)),1,0),IF(AND(ISNUMBER(INDIRECT($AD48)),INDIRECT($AD48)<INDIRECT($AG48)),1,0),IF(AND(ISNUMBER(INDIRECT($AE48)),INDIRECT($AE48)<INDIRECT($AH48)),1,0)) -> 0 | T48: =IF(NOT(AND(ISNUMBER(C48),ISNUMBER(E48))),"XXX","") -> XXX | U48: =SUM(Y48,Z48,AA48, AB48) -> 0 | Y48: =IF(AND(ISNUMBER(RESULTADOS!C48),ISNUMBER(RESULTADOS!E48),ISNUMBER(C48),ISNUMBER(E48),C48=RESULTADOS!C48,E48=RESULTADOS!E48),2,0) -> 0 | Z48: =IF(AND(ISNUMBER(RESULTADOS!C48),ISNUMBER(RESULTADOS!E48),ISNUMBER(C48),ISNUMBER(E48)),IF(OR(AND(C48>E48,RESULTADOS!C48>RESULTADOS!E48),AND(C48<E48,RESULTADOS!C48<RESULTADOS!E48)),1,IF(AND(C48=E48,RESULTADOS!C48=RESULTADOS!E48),2,0)),0) -> 0 | AA48: =IF(AND(ISNUMBER(RESULTADOS!C48),ISNUMBER(RESULTADOS!E48),ISNUMBER(C48),ISNUMBER(E48),AND(Z48=1,OR(C48=RESULTADOS!C48,E48=RESULTADOS!E48))),1,0) -> 0 | AB48: =IF( AND( ISNUMBER(RESULTADOS!C48), ISNUMBER(RESULTADOS!E48), ISNUMBER(C48), ISNUMBER(E48), AND(Z48=1,AA48=0,(RESULTADOS!C48-RESULTADOS!E48)=(C48-E48)) ), 1, 0 ) -> 0 | AC48: C46 | AD48: E47 | AE48: E50 | AF48: =IF(ISNUMBER(FIND("C", AC48, 1)), SUBSTITUTE(AC48, "C", "E"), SUBSTITUTE(AC48, "E", "C")) -> E46 | AG48: =IF(ISNUMBER(FIND("C", AD48, 1)), SUBSTITUTE(AD48, "C", "E"), SUBSTITUTE(AD48, "E", "C")) -> C47 | AH48: =IF(ISNUMBER(FIND("C", AE48, 1)), SUBSTITUTE(AE48, "C", "E"), SUBSTITUTE(AE48, "E", "C")) -> C50
B49: Tunísia | D49: x | F49: Holanda | H49: 46198 | I49: 0.83333333 | K49: Tunísia | L49: =SUM(IF(AND(ISNUMBER(INDIRECT($AC49)),INDIRECT($AC49)>INDIRECT($AF49)),3,IF(AND(ISNUMBER(INDIRECT($AC49)),INDIRECT($AC49)=INDIRECT($AF49)),1,0)),IF(AND(ISNUMBER(INDIRECT($AD49)),INDIRECT($AD49)>INDIRECT($AG49)),3,IF(AND(ISNUMBER(INDIRECT($AD49)),INDIRECT($AD49)=INDIRECT($AG49)),1,0)),IF(AND(ISNUMBER(INDIRECT($AE49)),INDIRECT($AE49)>INDIRECT($AH49)),3,IF(AND(ISNUMBER(INDIRECT($AE49)),INDIRECT($AE49)=INDIRECT($AH49)),1,0))) -> 0 | M49: =N49-O49 -> 0 | N49: =SUM(INDIRECT($AC49),INDIRECT($AD49),INDIRECT($AE49)) -> 0 | O49: =SUM(INDIRECT($AF49),INDIRECT($AG49),INDIRECT($AH49)) -> 0 | P49: =SUM(IF(AND(ISNUMBER(INDIRECT($AC49)),INDIRECT($AC49)>INDIRECT($AF49)),1,0),IF(AND(ISNUMBER(INDIRECT($AD49)),INDIRECT($AD49)>INDIRECT($AG49)),1,0),IF(AND(ISNUMBER(INDIRECT($AE49)),INDIRECT($AE49)>INDIRECT($AH49)),1,0)) -> 0 | Q49: =SUM(IF(AND(ISNUMBER(INDIRECT($AC49)),INDIRECT($AC49)=INDIRECT($AF49)),1,0),IF(AND(ISNUMBER(INDIRECT($AD49)),INDIRECT($AD49)=INDIRECT($AG49)),1,0),IF(AND(ISNUMBER(INDIRECT($AE49)),INDIRECT($AE49)=INDIRECT($AH49)),1,0)) -> 0 | R49: =SUM(IF(AND(ISNUMBER(INDIRECT($AC49)),INDIRECT($AC49)<INDIRECT($AF49)),1,0),IF(AND(ISNUMBER(INDIRECT($AD49)),INDIRECT($AD49)<INDIRECT($AG49)),1,0),IF(AND(ISNUMBER(INDIRECT($AE49)),INDIRECT($AE49)<INDIRECT($AH49)),1,0)) -> 0 | T49: =IF(NOT(AND(ISNUMBER(C49),ISNUMBER(E49))),"XXX","") -> XXX | U49: =SUM(Y49,Z49,AA49, AB49) -> 0 | Y49: =IF(AND(ISNUMBER(RESULTADOS!C49),ISNUMBER(RESULTADOS!E49),ISNUMBER(C49),ISNUMBER(E49),C49=RESULTADOS!C49,E49=RESULTADOS!E49),2,0) -> 0 | Z49: =IF(AND(ISNUMBER(RESULTADOS!C49),ISNUMBER(RESULTADOS!E49),ISNUMBER(C49),ISNUMBER(E49)),IF(OR(AND(C49>E49,RESULTADOS!C49>RESULTADOS!E49),AND(C49<E49,RESULTADOS!C49<RESULTADOS!E49)),1,IF(AND(C49=E49,RESULTADOS!C49=RESULTADOS!E49),2,0)),0) -> 0 | AA49: =IF(AND(ISNUMBER(RESULTADOS!C49),ISNUMBER(RESULTADOS!E49),ISNUMBER(C49),ISNUMBER(E49),AND(Z49=1,OR(C49=RESULTADOS!C49,E49=RESULTADOS!E49))),1,0) -> 0 | AB49: =IF( AND( ISNUMBER(RESULTADOS!C49), ISNUMBER(RESULTADOS!E49), ISNUMBER(C49), ISNUMBER(E49), AND(Z49=1,AA49=0,(RESULTADOS!C49-RESULTADOS!E49)=(C49-E49)) ), 1, 0 ) -> 0 | AC49: E46 | AD49: C48 | AE49: C49 | AF49: =IF(ISNUMBER(FIND("C", AC49, 1)), SUBSTITUTE(AC49, "C", "E"), SUBSTITUTE(AC49, "E", "C")) -> C46 | AG49: =IF(ISNUMBER(FIND("C", AD49, 1)), SUBSTITUTE(AD49, "C", "E"), SUBSTITUTE(AD49, "E", "C")) -> E48 | AH49: =IF(ISNUMBER(FIND("C", AE49, 1)), SUBSTITUTE(AE49, "C", "E"), SUBSTITUTE(AE49, "E", "C")) -> E49
B50: Japão | D50: x | F50: Suécia | H50: 46198 | I50: 0.83333333 | T50: =IF(NOT(AND(ISNUMBER(C50),ISNUMBER(E50))),"XXX","") -> XXX | U50: =SUM(Y50,Z50,AA50, AB50) -> 0 | Y50: =IF(AND(ISNUMBER(RESULTADOS!C50),ISNUMBER(RESULTADOS!E50),ISNUMBER(C50),ISNUMBER(E50),C50=RESULTADOS!C50,E50=RESULTADOS!E50),2,0) -> 0 | Z50: =IF(AND(ISNUMBER(RESULTADOS!C50),ISNUMBER(RESULTADOS!E50),ISNUMBER(C50),ISNUMBER(E50)),IF(OR(AND(C50>E50,RESULTADOS!C50>RESULTADOS!E50),AND(C50<E50,RESULTADOS!C50<RESULTADOS!E50)),1,IF(AND(C50=E50,RESULTADOS!C50=RESULTADOS!E50),2,0)),0) -> 0 | AA50: =IF(AND(ISNUMBER(RESULTADOS!C50),ISNUMBER(RESULTADOS!E50),ISNUMBER(C50),ISNUMBER(E50),AND(Z50=1,OR(C50=RESULTADOS!C50,E50=RESULTADOS!E50))),1,0) -> 0 | AB50: =IF( AND( ISNUMBER(RESULTADOS!C50), ISNUMBER(RESULTADOS!E50), ISNUMBER(C50), ISNUMBER(E50), AND(Z50=1,AA50=0,(RESULTADOS!C50-RESULTADOS!E50)=(C50-E50)) ), 1, 0 ) -> 0
B52: GRUPO G | H52: DIA | I52: HORA
B53: Bélgica | D53: x | F53: Egito | H53: 46188 | I53: 0.66666667 | L53: P | M53: SG | N53: GP | O53: GC | P53: V | Q53: E | R53: D | T53: =IF(NOT(AND(ISNUMBER(C53),ISNUMBER(E53))),"XXX","") -> XXX | U53: =SUM(Y53,Z53,AA53, AB53) -> 0 | Y53: =IF(AND(ISNUMBER(RESULTADOS!C53),ISNUMBER(RESULTADOS!E53),ISNUMBER(C53),ISNUMBER(E53),C53=RESULTADOS!C53,E53=RESULTADOS!E53),2,0) -> 0 | Z53: =IF(AND(ISNUMBER(RESULTADOS!C53),ISNUMBER(RESULTADOS!E53),ISNUMBER(C53),ISNUMBER(E53)),IF(OR(AND(C53>E53,RESULTADOS!C53>RESULTADOS!E53),AND(C53<E53,RESULTADOS!C53<RESULTADOS!E53)),1,IF(AND(C53=E53,RESULTADOS!C53=RESULTADOS!E53),2,0)),0) -> 0 | AA53: =IF(AND(ISNUMBER(RESULTADOS!C53),ISNUMBER(RESULTADOS!E53),ISNUMBER(C53),ISNUMBER(E53),AND(Z53=1,OR(C53=RESULTADOS!C53,E53=RESULTADOS!E53))),1,0) -> 0 | AB53: =IF( AND( ISNUMBER(RESULTADOS!C53), ISNUMBER(RESULTADOS!E53), ISNUMBER(C53), ISNUMBER(E53), AND(Z53=1,AA53=0,(RESULTADOS!C53-RESULTADOS!E53)=(C53-E53)) ), 1, 0 ) -> 0
B54: Irã | D54: x | F54: Nova Zelândia | H54: 46188 | I54: 0.91666667 | K54: Bélgica | L54: =SUM(IF(AND(ISNUMBER(INDIRECT($AC54)),INDIRECT($AC54)>INDIRECT($AF54)),3,IF(AND(ISNUMBER(INDIRECT($AC54)),INDIRECT($AC54)=INDIRECT($AF54)),1,0)),IF(AND(ISNUMBER(INDIRECT($AD54)),INDIRECT($AD54)>INDIRECT($AG54)),3,IF(AND(ISNUMBER(INDIRECT($AD54)),INDIRECT($AD54)=INDIRECT($AG54)),1,0)),IF(AND(ISNUMBER(INDIRECT($AE54)),INDIRECT($AE54)>INDIRECT($AH54)),3,IF(AND(ISNUMBER(INDIRECT($AE54)),INDIRECT($AE54)=INDIRECT($AH54)),1,0))) -> 0 | M54: =N54-O54 -> 0 | N54: =SUM(INDIRECT($AC54),INDIRECT($AD54),INDIRECT($AE54)) -> 0 | O54: =SUM(INDIRECT($AF54),INDIRECT($AG54),INDIRECT($AH54)) -> 0 | P54: =SUM(IF(AND(ISNUMBER(INDIRECT($AC54)),INDIRECT($AC54)>INDIRECT($AF54)),1,0),IF(AND(ISNUMBER(INDIRECT($AD54)),INDIRECT($AD54)>INDIRECT($AG54)),1,0),IF(AND(ISNUMBER(INDIRECT($AE54)),INDIRECT($AE54)>INDIRECT($AH54)),1,0)) -> 0 | Q54: =SUM(IF(AND(ISNUMBER(INDIRECT($AC54)),INDIRECT($AC54)=INDIRECT($AF54)),1,0),IF(AND(ISNUMBER(INDIRECT($AD54)),INDIRECT($AD54)=INDIRECT($AG54)),1,0),IF(AND(ISNUMBER(INDIRECT($AE54)),INDIRECT($AE54)=INDIRECT($AH54)),1,0)) -> 0 | R54: =SUM(IF(AND(ISNUMBER(INDIRECT($AC54)),INDIRECT($AC54)<INDIRECT($AF54)),1,0),IF(AND(ISNUMBER(INDIRECT($AD54)),INDIRECT($AD54)<INDIRECT($AG54)),1,0),IF(AND(ISNUMBER(INDIRECT($AE54)),INDIRECT($AE54)<INDIRECT($AH54)),1,0)) -> 0 | T54: =IF(NOT(AND(ISNUMBER(C54),ISNUMBER(E54))),"XXX","") -> XXX | U54: =SUM(Y54,Z54,AA54, AB54) -> 0 | Y54: =IF(AND(ISNUMBER(RESULTADOS!C54),ISNUMBER(RESULTADOS!E54),ISNUMBER(C54),ISNUMBER(E54),C54=RESULTADOS!C54,E54=RESULTADOS!E54),2,0) -> 0 | Z54: =IF(AND(ISNUMBER(RESULTADOS!C54),ISNUMBER(RESULTADOS!E54),ISNUMBER(C54),ISNUMBER(E54)),IF(OR(AND(C54>E54,RESULTADOS!C54>RESULTADOS!E54),AND(C54<E54,RESULTADOS!C54<RESULTADOS!E54)),1,IF(AND(C54=E54,RESULTADOS!C54=RESULTADOS!E54),2,0)),0) -> 0 | AA54: =IF(AND(ISNUMBER(RESULTADOS!C54),ISNUMBER(RESULTADOS!E54),ISNUMBER(C54),ISNUMBER(E54),AND(Z54=1,OR(C54=RESULTADOS!C54,E54=RESULTADOS!E54))),1,0) -> 0 | AB54: =IF( AND( ISNUMBER(RESULTADOS!C54), ISNUMBER(RESULTADOS!E54), ISNUMBER(C54), ISNUMBER(E54), AND(Z54=1,AA54=0,(RESULTADOS!C54-RESULTADOS!E54)=(C54-E54)) ), 1, 0 ) -> 0 | AC54: C53 | AD54: C55 | AE54: E58 | AF54: =IF(ISNUMBER(FIND("C", AC54, 1)), SUBSTITUTE(AC54, "C", "E"), SUBSTITUTE(AC54, "E", "C")) -> E53 | AG54: =IF(ISNUMBER(FIND("C", AD54, 1)), SUBSTITUTE(AD54, "C", "E"), SUBSTITUTE(AD54, "E", "C")) -> E55 | AH54: =IF(ISNUMBER(FIND("C", AE54, 1)), SUBSTITUTE(AE54, "C", "E"), SUBSTITUTE(AE54, "E", "C")) -> C58
B55: Bélgica | D55: x | F55: Irã | H55: 46194 | I55: 0.66666667 | K55: Egito | L55: =SUM(IF(AND(ISNUMBER(INDIRECT($AC55)),INDIRECT($AC55)>INDIRECT($AF55)),3,IF(AND(ISNUMBER(INDIRECT($AC55)),INDIRECT($AC55)=INDIRECT($AF55)),1,0)),IF(AND(ISNUMBER(INDIRECT($AD55)),INDIRECT($AD55)>INDIRECT($AG55)),3,IF(AND(ISNUMBER(INDIRECT($AD55)),INDIRECT($AD55)=INDIRECT($AG55)),1,0)),IF(AND(ISNUMBER(INDIRECT($AE55)),INDIRECT($AE55)>INDIRECT($AH55)),3,IF(AND(ISNUMBER(INDIRECT($AE55)),INDIRECT($AE55)=INDIRECT($AH55)),1,0))) -> 0 | M55: =N55-O55 -> 0 | N55: =SUM(INDIRECT($AC55),INDIRECT($AD55),INDIRECT($AE55)) -> 0 | O55: =SUM(INDIRECT($AF55),INDIRECT($AG55),INDIRECT($AH55)) -> 0 | P55: =SUM(IF(AND(ISNUMBER(INDIRECT($AC55)),INDIRECT($AC55)>INDIRECT($AF55)),1,0),IF(AND(ISNUMBER(INDIRECT($AD55)),INDIRECT($AD55)>INDIRECT($AG55)),1,0),IF(AND(ISNUMBER(INDIRECT($AE55)),INDIRECT($AE55)>INDIRECT($AH55)),1,0)) -> 0 | Q55: =SUM(IF(AND(ISNUMBER(INDIRECT($AC55)),INDIRECT($AC55)=INDIRECT($AF55)),1,0),IF(AND(ISNUMBER(INDIRECT($AD55)),INDIRECT($AD55)=INDIRECT($AG55)),1,0),IF(AND(ISNUMBER(INDIRECT($AE55)),INDIRECT($AE55)=INDIRECT($AH55)),1,0)) -> 0 | R55: =SUM(IF(AND(ISNUMBER(INDIRECT($AC55)),INDIRECT($AC55)<INDIRECT($AF55)),1,0),IF(AND(ISNUMBER(INDIRECT($AD55)),INDIRECT($AD55)<INDIRECT($AG55)),1,0),IF(AND(ISNUMBER(INDIRECT($AE55)),INDIRECT($AE55)<INDIRECT($AH55)),1,0)) -> 0 | T55: =IF(NOT(AND(ISNUMBER(C55),ISNUMBER(E55))),"XXX","") -> XXX | U55: =SUM(Y55,Z55,AA55, AB55) -> 0 | Y55: =IF(AND(ISNUMBER(RESULTADOS!C55),ISNUMBER(RESULTADOS!E55),ISNUMBER(C55),ISNUMBER(E55),C55=RESULTADOS!C55,E55=RESULTADOS!E55),2,0) -> 0 | Z55: =IF(AND(ISNUMBER(RESULTADOS!C55),ISNUMBER(RESULTADOS!E55),ISNUMBER(C55),ISNUMBER(E55)),IF(OR(AND(C55>E55,RESULTADOS!C55>RESULTADOS!E55),AND(C55<E55,RESULTADOS!C55<RESULTADOS!E55)),1,IF(AND(C55=E55,RESULTADOS!C55=RESULTADOS!E55),2,0)),0) -> 0 | AA55: =IF(AND(ISNUMBER(RESULTADOS!C55),ISNUMBER(RESULTADOS!E55),ISNUMBER(C55),ISNUMBER(E55),AND(Z55=1,OR(C55=RESULTADOS!C55,E55=RESULTADOS!E55))),1,0) -> 0 | AB55: =IF( AND( ISNUMBER(RESULTADOS!C55), ISNUMBER(RESULTADOS!E55), ISNUMBER(C55), ISNUMBER(E55), AND(Z55=1,AA55=0,(RESULTADOS!C55-RESULTADOS!E55)=(C55-E55)) ), 1, 0 ) -> 0 | AC55: E53 | AD55: E56 | AE55: C57 | AF55: =IF(ISNUMBER(FIND("C", AC55, 1)), SUBSTITUTE(AC55, "C", "E"), SUBSTITUTE(AC55, "E", "C")) -> C53 | AG55: =IF(ISNUMBER(FIND("C", AD55, 1)), SUBSTITUTE(AD55, "C", "E"), SUBSTITUTE(AD55, "E", "C")) -> C56 | AH55: =IF(ISNUMBER(FIND("C", AE55, 1)), SUBSTITUTE(AE55, "C", "E"), SUBSTITUTE(AE55, "E", "C")) -> E57
B56: Nova Zelândia | D56: x | F56: Egito | H56: 46194 | I56: 0.91666667 | K56: Irã | L56: =SUM(IF(AND(ISNUMBER(INDIRECT($AC56)),INDIRECT($AC56)>INDIRECT($AF56)),3,IF(AND(ISNUMBER(INDIRECT($AC56)),INDIRECT($AC56)=INDIRECT($AF56)),1,0)),IF(AND(ISNUMBER(INDIRECT($AD56)),INDIRECT($AD56)>INDIRECT($AG56)),3,IF(AND(ISNUMBER(INDIRECT($AD56)),INDIRECT($AD56)=INDIRECT($AG56)),1,0)),IF(AND(ISNUMBER(INDIRECT($AE56)),INDIRECT($AE56)>INDIRECT($AH56)),3,IF(AND(ISNUMBER(INDIRECT($AE56)),INDIRECT($AE56)=INDIRECT($AH56)),1,0))) -> 0 | M56: =N56-O56 -> 0 | N56: =SUM(INDIRECT($AC56),INDIRECT($AD56),INDIRECT($AE56)) -> 0 | O56: =SUM(INDIRECT($AF56),INDIRECT($AG56),INDIRECT($AH56)) -> 0 | P56: =SUM(IF(AND(ISNUMBER(INDIRECT($AC56)),INDIRECT($AC56)>INDIRECT($AF56)),1,0),IF(AND(ISNUMBER(INDIRECT($AD56)),INDIRECT($AD56)>INDIRECT($AG56)),1,0),IF(AND(ISNUMBER(INDIRECT($AE56)),INDIRECT($AE56)>INDIRECT($AH56)),1,0)) -> 0 | Q56: =SUM(IF(AND(ISNUMBER(INDIRECT($AC56)),INDIRECT($AC56)=INDIRECT($AF56)),1,0),IF(AND(ISNUMBER(INDIRECT($AD56)),INDIRECT($AD56)=INDIRECT($AG56)),1,0),IF(AND(ISNUMBER(INDIRECT($AE56)),INDIRECT($AE56)=INDIRECT($AH56)),1,0)) -> 0 | R56: =SUM(IF(AND(ISNUMBER(INDIRECT($AC56)),INDIRECT($AC56)<INDIRECT($AF56)),1,0),IF(AND(ISNUMBER(INDIRECT($AD56)),INDIRECT($AD56)<INDIRECT($AG56)),1,0),IF(AND(ISNUMBER(INDIRECT($AE56)),INDIRECT($AE56)<INDIRECT($AH56)),1,0)) -> 0 | T56: =IF(NOT(AND(ISNUMBER(C56),ISNUMBER(E56))),"XXX","") -> XXX | U56: =SUM(Y56,Z56,AA56, AB56) -> 0 | Y56: =IF(AND(ISNUMBER(RESULTADOS!C56),ISNUMBER(RESULTADOS!E56),ISNUMBER(C56),ISNUMBER(E56),C56=RESULTADOS!C56,E56=RESULTADOS!E56),2,0) -> 0 | Z56: =IF(AND(ISNUMBER(RESULTADOS!C56),ISNUMBER(RESULTADOS!E56),ISNUMBER(C56),ISNUMBER(E56)),IF(OR(AND(C56>E56,RESULTADOS!C56>RESULTADOS!E56),AND(C56<E56,RESULTADOS!C56<RESULTADOS!E56)),1,IF(AND(C56=E56,RESULTADOS!C56=RESULTADOS!E56),2,0)),0) -> 0 | AA56: =IF(AND(ISNUMBER(RESULTADOS!C56),ISNUMBER(RESULTADOS!E56),ISNUMBER(C56),ISNUMBER(E56),AND(Z56=1,OR(C56=RESULTADOS!C56,E56=RESULTADOS!E56))),1,0) -> 0 | AB56: =IF( AND( ISNUMBER(RESULTADOS!C56), ISNUMBER(RESULTADOS!E56), ISNUMBER(C56), ISNUMBER(E56), AND(Z56=1,AA56=0,(RESULTADOS!C56-RESULTADOS!E56)=(C56-E56)) ), 1, 0 ) -> 0 | AC56: C54 | AD56: E55 | AE56: E57 | AF56: =IF(ISNUMBER(FIND("C", AC56, 1)), SUBSTITUTE(AC56, "C", "E"), SUBSTITUTE(AC56, "E", "C")) -> E54 | AG56: =IF(ISNUMBER(FIND("C", AD56, 1)), SUBSTITUTE(AD56, "C", "E"), SUBSTITUTE(AD56, "E", "C")) -> C55 | AH56: =IF(ISNUMBER(FIND("C", AE56, 1)), SUBSTITUTE(AE56, "C", "E"), SUBSTITUTE(AE56, "E", "C")) -> C57
B57: Egito | D57: x | F57: Irã | H57: 46200 | I57: 0 | K57: Nova Zelândia | L57: =SUM(IF(AND(ISNUMBER(INDIRECT($AC57)),INDIRECT($AC57)>INDIRECT($AF57)),3,IF(AND(ISNUMBER(INDIRECT($AC57)),INDIRECT($AC57)=INDIRECT($AF57)),1,0)),IF(AND(ISNUMBER(INDIRECT($AD57)),INDIRECT($AD57)>INDIRECT($AG57)),3,IF(AND(ISNUMBER(INDIRECT($AD57)),INDIRECT($AD57)=INDIRECT($AG57)),1,0)),IF(AND(ISNUMBER(INDIRECT($AE57)),INDIRECT($AE57)>INDIRECT($AH57)),3,IF(AND(ISNUMBER(INDIRECT($AE57)),INDIRECT($AE57)=INDIRECT($AH57)),1,0))) -> 0 | M57: =N57-O57 -> 0 | N57: =SUM(INDIRECT($AC57),INDIRECT($AD57),INDIRECT($AE57)) -> 0 | O57: =SUM(INDIRECT($AF57),INDIRECT($AG57),INDIRECT($AH57)) -> 0 | P57: =SUM(IF(AND(ISNUMBER(INDIRECT($AC57)),INDIRECT($AC57)>INDIRECT($AF57)),1,0),IF(AND(ISNUMBER(INDIRECT($AD57)),INDIRECT($AD57)>INDIRECT($AG57)),1,0),IF(AND(ISNUMBER(INDIRECT($AE57)),INDIRECT($AE57)>INDIRECT($AH57)),1,0)) -> 0 | Q57: =SUM(IF(AND(ISNUMBER(INDIRECT($AC57)),INDIRECT($AC57)=INDIRECT($AF57)),1,0),IF(AND(ISNUMBER(INDIRECT($AD57)),INDIRECT($AD57)=INDIRECT($AG57)),1,0),IF(AND(ISNUMBER(INDIRECT($AE57)),INDIRECT($AE57)=INDIRECT($AH57)),1,0)) -> 0 | R57: =SUM(IF(AND(ISNUMBER(INDIRECT($AC57)),INDIRECT($AC57)<INDIRECT($AF57)),1,0),IF(AND(ISNUMBER(INDIRECT($AD57)),INDIRECT($AD57)<INDIRECT($AG57)),1,0),IF(AND(ISNUMBER(INDIRECT($AE57)),INDIRECT($AE57)<INDIRECT($AH57)),1,0)) -> 0 | T57: =IF(NOT(AND(ISNUMBER(C57),ISNUMBER(E57))),"XXX","") -> XXX | U57: =SUM(Y57,Z57,AA57, AB57) -> 0 | Y57: =IF(AND(ISNUMBER(RESULTADOS!C57),ISNUMBER(RESULTADOS!E57),ISNUMBER(C57),ISNUMBER(E57),C57=RESULTADOS!C57,E57=RESULTADOS!E57),2,0) -> 0 | Z57: =IF(AND(ISNUMBER(RESULTADOS!C57),ISNUMBER(RESULTADOS!E57),ISNUMBER(C57),ISNUMBER(E57)),IF(OR(AND(C57>E57,RESULTADOS!C57>RESULTADOS!E57),AND(C57<E57,RESULTADOS!C57<RESULTADOS!E57)),1,IF(AND(C57=E57,RESULTADOS!C57=RESULTADOS!E57),2,0)),0) -> 0 | AA57: =IF(AND(ISNUMBER(RESULTADOS!C57),ISNUMBER(RESULTADOS!E57),ISNUMBER(C57),ISNUMBER(E57),AND(Z57=1,OR(C57=RESULTADOS!C57,E57=RESULTADOS!E57))),1,0) -> 0 | AB57: =IF( AND( ISNUMBER(RESULTADOS!C57), ISNUMBER(RESULTADOS!E57), ISNUMBER(C57), ISNUMBER(E57), AND(Z57=1,AA57=0,(RESULTADOS!C57-RESULTADOS!E57)=(C57-E57)) ), 1, 0 ) -> 0 | AC57: E54 | AD57: C56 | AE57: C58 | AF57: =IF(ISNUMBER(FIND("C", AC57, 1)), SUBSTITUTE(AC57, "C", "E"), SUBSTITUTE(AC57, "E", "C")) -> C54 | AG57: =IF(ISNUMBER(FIND("C", AD57, 1)), SUBSTITUTE(AD57, "C", "E"), SUBSTITUTE(AD57, "E", "C")) -> E56 | AH57: =IF(ISNUMBER(FIND("C", AE57, 1)), SUBSTITUTE(AE57, "C", "E"), SUBSTITUTE(AE57, "E", "C")) -> E58
B58: Nova Zelândia | D58: x | F58: Bélgica | H58: 46200 | I58: 0 | T58: =IF(NOT(AND(ISNUMBER(C58),ISNUMBER(E58))),"XXX","") -> XXX | U58: =SUM(Y58,Z58,AA58, AB58) -> 0 | Y58: =IF(AND(ISNUMBER(RESULTADOS!C58),ISNUMBER(RESULTADOS!E58),ISNUMBER(C58),ISNUMBER(E58),C58=RESULTADOS!C58,E58=RESULTADOS!E58),2,0) -> 0 | Z58: =IF(AND(ISNUMBER(RESULTADOS!C58),ISNUMBER(RESULTADOS!E58),ISNUMBER(C58),ISNUMBER(E58)),IF(OR(AND(C58>E58,RESULTADOS!C58>RESULTADOS!E58),AND(C58<E58,RESULTADOS!C58<RESULTADOS!E58)),1,IF(AND(C58=E58,RESULTADOS!C58=RESULTADOS!E58),2,0)),0) -> 0 | AA58: =IF(AND(ISNUMBER(RESULTADOS!C58),ISNUMBER(RESULTADOS!E58),ISNUMBER(C58),ISNUMBER(E58),AND(Z58=1,OR(C58=RESULTADOS!C58,E58=RESULTADOS!E58))),1,0) -> 0 | AB58: =IF( AND( ISNUMBER(RESULTADOS!C58), ISNUMBER(RESULTADOS!E58), ISNUMBER(C58), ISNUMBER(E58), AND(Z58=1,AA58=0,(RESULTADOS!C58-RESULTADOS!E58)=(C58-E58)) ), 1, 0 ) -> 0
B60: GRUPO H | H60: DIA | I60: HORA
B61: Espanha | D61: x | F61: Cabo Verde | H61: 46188 | I61: 0.54166667 | L61: P | M61: SG | N61: GP | O61: GC | P61: V | Q61: E | R61: D | T61: =IF(NOT(AND(ISNUMBER(C61),ISNUMBER(E61))),"XXX","") -> XXX | U61: =SUM(Y61,Z61,AA61, AB61) -> 0 | Y61: =IF(AND(ISNUMBER(RESULTADOS!C61),ISNUMBER(RESULTADOS!E61),ISNUMBER(C61),ISNUMBER(E61),C61=RESULTADOS!C61,E61=RESULTADOS!E61),2,0) -> 0 | Z61: =IF(AND(ISNUMBER(RESULTADOS!C61),ISNUMBER(RESULTADOS!E61),ISNUMBER(C61),ISNUMBER(E61)),IF(OR(AND(C61>E61,RESULTADOS!C61>RESULTADOS!E61),AND(C61<E61,RESULTADOS!C61<RESULTADOS!E61)),1,IF(AND(C61=E61,RESULTADOS!C61=RESULTADOS!E61),2,0)),0) -> 0 | AA61: =IF(AND(ISNUMBER(RESULTADOS!C61),ISNUMBER(RESULTADOS!E61),ISNUMBER(C61),ISNUMBER(E61),AND(Z61=1,OR(C61=RESULTADOS!C61,E61=RESULTADOS!E61))),1,0) -> 0 | AB61: =IF( AND( ISNUMBER(RESULTADOS!C61), ISNUMBER(RESULTADOS!E61), ISNUMBER(C61), ISNUMBER(E61), AND(Z61=1,AA61=0,(RESULTADOS!C61-RESULTADOS!E61)=(C61-E61)) ), 1, 0 ) -> 0
B62: Arábia Saudita | D62: x | F62: Uruguai | H62: 46188 | I62: 0.79166667 | K62: Arábia Saudita | L62: =SUM(IF(AND(ISNUMBER(INDIRECT($AC62)),INDIRECT($AC62)>INDIRECT($AF62)),3,IF(AND(ISNUMBER(INDIRECT($AC62)),INDIRECT($AC62)=INDIRECT($AF62)),1,0)),IF(AND(ISNUMBER(INDIRECT($AD62)),INDIRECT($AD62)>INDIRECT($AG62)),3,IF(AND(ISNUMBER(INDIRECT($AD62)),INDIRECT($AD62)=INDIRECT($AG62)),1,0)),IF(AND(ISNUMBER(INDIRECT($AE62)),INDIRECT($AE62)>INDIRECT($AH62)),3,IF(AND(ISNUMBER(INDIRECT($AE62)),INDIRECT($AE62)=INDIRECT($AH62)),1,0))) -> 0 | M62: =N62-O62 -> 0 | N62: =SUM(INDIRECT($AC62),INDIRECT($AD62),INDIRECT($AE62)) -> 0 | O62: =SUM(INDIRECT($AF62),INDIRECT($AG62),INDIRECT($AH62)) -> 0 | P62: =SUM(IF(AND(ISNUMBER(INDIRECT($AC62)),INDIRECT($AC62)>INDIRECT($AF62)),1,0),IF(AND(ISNUMBER(INDIRECT($AD62)),INDIRECT($AD62)>INDIRECT($AG62)),1,0),IF(AND(ISNUMBER(INDIRECT($AE62)),INDIRECT($AE62)>INDIRECT($AH62)),1,0)) -> 0 | Q62: =SUM(IF(AND(ISNUMBER(INDIRECT($AC62)),INDIRECT($AC62)=INDIRECT($AF62)),1,0),IF(AND(ISNUMBER(INDIRECT($AD62)),INDIRECT($AD62)=INDIRECT($AG62)),1,0),IF(AND(ISNUMBER(INDIRECT($AE62)),INDIRECT($AE62)=INDIRECT($AH62)),1,0)) -> 0 | R62: =SUM(IF(AND(ISNUMBER(INDIRECT($AC62)),INDIRECT($AC62)<INDIRECT($AF62)),1,0),IF(AND(ISNUMBER(INDIRECT($AD62)),INDIRECT($AD62)<INDIRECT($AG62)),1,0),IF(AND(ISNUMBER(INDIRECT($AE62)),INDIRECT($AE62)<INDIRECT($AH62)),1,0)) -> 0 | T62: =IF(NOT(AND(ISNUMBER(C62),ISNUMBER(E62))),"XXX","") -> XXX | U62: =SUM(Y62,Z62,AA62, AB62) -> 0 | Y62: =IF(AND(ISNUMBER(RESULTADOS!C62),ISNUMBER(RESULTADOS!E62),ISNUMBER(C62),ISNUMBER(E62),C62=RESULTADOS!C62,E62=RESULTADOS!E62),2,0) -> 0 | Z62: =IF(AND(ISNUMBER(RESULTADOS!C62),ISNUMBER(RESULTADOS!E62),ISNUMBER(C62),ISNUMBER(E62)),IF(OR(AND(C62>E62,RESULTADOS!C62>RESULTADOS!E62),AND(C62<E62,RESULTADOS!C62<RESULTADOS!E62)),1,IF(AND(C62=E62,RESULTADOS!C62=RESULTADOS!E62),2,0)),0) -> 0 | AA62: =IF(AND(ISNUMBER(RESULTADOS!C62),ISNUMBER(RESULTADOS!E62),ISNUMBER(C62),ISNUMBER(E62),AND(Z62=1,OR(C62=RESULTADOS!C62,E62=RESULTADOS!E62))),1,0) -> 0 | AB62: =IF( AND( ISNUMBER(RESULTADOS!C62), ISNUMBER(RESULTADOS!E62), ISNUMBER(C62), ISNUMBER(E62), AND(Z62=1,AA62=0,(RESULTADOS!C62-RESULTADOS!E62)=(C62-E62)) ), 1, 0 ) -> 0 | AC62: C62 | AD62: E63 | AE62: E65 | AF62: =IF(ISNUMBER(FIND("C", AC62, 1)), SUBSTITUTE(AC62, "C", "E"), SUBSTITUTE(AC62, "E", "C")) -> E62 | AG62: =IF(ISNUMBER(FIND("C", AD62, 1)), SUBSTITUTE(AD62, "C", "E"), SUBSTITUTE(AD62, "E", "C")) -> C63 | AH62: =IF(ISNUMBER(FIND("C", AE62, 1)), SUBSTITUTE(AE62, "C", "E"), SUBSTITUTE(AE62, "E", "C")) -> C65
B63: Espanha | D63: x | F63: Arábia Saudita | H63: 46194 | I63: 0.54166667 | K63: Cabo Verde | L63: =SUM(IF(AND(ISNUMBER(INDIRECT($AC63)),INDIRECT($AC63)>INDIRECT($AF63)),3,IF(AND(ISNUMBER(INDIRECT($AC63)),INDIRECT($AC63)=INDIRECT($AF63)),1,0)),IF(AND(ISNUMBER(INDIRECT($AD63)),INDIRECT($AD63)>INDIRECT($AG63)),3,IF(AND(ISNUMBER(INDIRECT($AD63)),INDIRECT($AD63)=INDIRECT($AG63)),1,0)),IF(AND(ISNUMBER(INDIRECT($AE63)),INDIRECT($AE63)>INDIRECT($AH63)),3,IF(AND(ISNUMBER(INDIRECT($AE63)),INDIRECT($AE63)=INDIRECT($AH63)),1,0))) -> 0 | M63: =N63-O63 -> 0 | N63: =SUM(INDIRECT($AC63),INDIRECT($AD63),INDIRECT($AE63)) -> 0 | O63: =SUM(INDIRECT($AF63),INDIRECT($AG63),INDIRECT($AH63)) -> 0 | P63: =SUM(IF(AND(ISNUMBER(INDIRECT($AC63)),INDIRECT($AC63)>INDIRECT($AF63)),1,0),IF(AND(ISNUMBER(INDIRECT($AD63)),INDIRECT($AD63)>INDIRECT($AG63)),1,0),IF(AND(ISNUMBER(INDIRECT($AE63)),INDIRECT($AE63)>INDIRECT($AH63)),1,0)) -> 0 | Q63: =SUM(IF(AND(ISNUMBER(INDIRECT($AC63)),INDIRECT($AC63)=INDIRECT($AF63)),1,0),IF(AND(ISNUMBER(INDIRECT($AD63)),INDIRECT($AD63)=INDIRECT($AG63)),1,0),IF(AND(ISNUMBER(INDIRECT($AE63)),INDIRECT($AE63)=INDIRECT($AH63)),1,0)) -> 0 | R63: =SUM(IF(AND(ISNUMBER(INDIRECT($AC63)),INDIRECT($AC63)<INDIRECT($AF63)),1,0),IF(AND(ISNUMBER(INDIRECT($AD63)),INDIRECT($AD63)<INDIRECT($AG63)),1,0),IF(AND(ISNUMBER(INDIRECT($AE63)),INDIRECT($AE63)<INDIRECT($AH63)),1,0)) -> 0 | T63: =IF(NOT(AND(ISNUMBER(C63),ISNUMBER(E63))),"XXX","") -> XXX | U63: =SUM(Y63,Z63,AA63, AB63) -> 0 | Y63: =IF(AND(ISNUMBER(RESULTADOS!C63),ISNUMBER(RESULTADOS!E63),ISNUMBER(C63),ISNUMBER(E63),C63=RESULTADOS!C63,E63=RESULTADOS!E63),2,0) -> 0 | Z63: =IF(AND(ISNUMBER(RESULTADOS!C63),ISNUMBER(RESULTADOS!E63),ISNUMBER(C63),ISNUMBER(E63)),IF(OR(AND(C63>E63,RESULTADOS!C63>RESULTADOS!E63),AND(C63<E63,RESULTADOS!C63<RESULTADOS!E63)),1,IF(AND(C63=E63,RESULTADOS!C63=RESULTADOS!E63),2,0)),0) -> 0 | AA63: =IF(AND(ISNUMBER(RESULTADOS!C63),ISNUMBER(RESULTADOS!E63),ISNUMBER(C63),ISNUMBER(E63),AND(Z63=1,OR(C63=RESULTADOS!C63,E63=RESULTADOS!E63))),1,0) -> 0 | AB63: =IF( AND( ISNUMBER(RESULTADOS!C63), ISNUMBER(RESULTADOS!E63), ISNUMBER(C63), ISNUMBER(E63), AND(Z63=1,AA63=0,(RESULTADOS!C63-RESULTADOS!E63)=(C63-E63)) ), 1, 0 ) -> 0 | AC63: E61 | AD63: E64 | AE63: C65 | AF63: =IF(ISNUMBER(FIND("C", AC63, 1)), SUBSTITUTE(AC63, "C", "E"), SUBSTITUTE(AC63, "E", "C")) -> C61 | AG63: =IF(ISNUMBER(FIND("C", AD63, 1)), SUBSTITUTE(AD63, "C", "E"), SUBSTITUTE(AD63, "E", "C")) -> C64 | AH63: =IF(ISNUMBER(FIND("C", AE63, 1)), SUBSTITUTE(AE63, "C", "E"), SUBSTITUTE(AE63, "E", "C")) -> E65
B64: Uruguai | D64: x | F64: Cabo Verde | H64: 46194 | I64: 0.79166667 | K64: Espanha | L64: =SUM(IF(AND(ISNUMBER(INDIRECT($AC64)),INDIRECT($AC64)>INDIRECT($AF64)),3,IF(AND(ISNUMBER(INDIRECT($AC64)),INDIRECT($AC64)=INDIRECT($AF64)),1,0)),IF(AND(ISNUMBER(INDIRECT($AD64)),INDIRECT($AD64)>INDIRECT($AG64)),3,IF(AND(ISNUMBER(INDIRECT($AD64)),INDIRECT($AD64)=INDIRECT($AG64)),1,0)),IF(AND(ISNUMBER(INDIRECT($AE64)),INDIRECT($AE64)>INDIRECT($AH64)),3,IF(AND(ISNUMBER(INDIRECT($AE64)),INDIRECT($AE64)=INDIRECT($AH64)),1,0))) -> 0 | M64: =N64-O64 -> 0 | N64: =SUM(INDIRECT($AC64),INDIRECT($AD64),INDIRECT($AE64)) -> 0 | O64: =SUM(INDIRECT($AF64),INDIRECT($AG64),INDIRECT($AH64)) -> 0 | P64: =SUM(IF(AND(ISNUMBER(INDIRECT($AC64)),INDIRECT($AC64)>INDIRECT($AF64)),1,0),IF(AND(ISNUMBER(INDIRECT($AD64)),INDIRECT($AD64)>INDIRECT($AG64)),1,0),IF(AND(ISNUMBER(INDIRECT($AE64)),INDIRECT($AE64)>INDIRECT($AH64)),1,0)) -> 0 | Q64: =SUM(IF(AND(ISNUMBER(INDIRECT($AC64)),INDIRECT($AC64)=INDIRECT($AF64)),1,0),IF(AND(ISNUMBER(INDIRECT($AD64)),INDIRECT($AD64)=INDIRECT($AG64)),1,0),IF(AND(ISNUMBER(INDIRECT($AE64)),INDIRECT($AE64)=INDIRECT($AH64)),1,0)) -> 0 | R64: =SUM(IF(AND(ISNUMBER(INDIRECT($AC64)),INDIRECT($AC64)<INDIRECT($AF64)),1,0),IF(AND(ISNUMBER(INDIRECT($AD64)),INDIRECT($AD64)<INDIRECT($AG64)),1,0),IF(AND(ISNUMBER(INDIRECT($AE64)),INDIRECT($AE64)<INDIRECT($AH64)),1,0)) -> 0 | T64: =IF(NOT(AND(ISNUMBER(C64),ISNUMBER(E64))),"XXX","") -> XXX | U64: =SUM(Y64,Z64,AA64, AB64) -> 0 | Y64: =IF(AND(ISNUMBER(RESULTADOS!C64),ISNUMBER(RESULTADOS!E64),ISNUMBER(C64),ISNUMBER(E64),C64=RESULTADOS!C64,E64=RESULTADOS!E64),2,0) -> 0 | Z64: =IF(AND(ISNUMBER(RESULTADOS!C64),ISNUMBER(RESULTADOS!E64),ISNUMBER(C64),ISNUMBER(E64)),IF(OR(AND(C64>E64,RESULTADOS!C64>RESULTADOS!E64),AND(C64<E64,RESULTADOS!C64<RESULTADOS!E64)),1,IF(AND(C64=E64,RESULTADOS!C64=RESULTADOS!E64),2,0)),0) -> 0 | AA64: =IF(AND(ISNUMBER(RESULTADOS!C64),ISNUMBER(RESULTADOS!E64),ISNUMBER(C64),ISNUMBER(E64),AND(Z64=1,OR(C64=RESULTADOS!C64,E64=RESULTADOS!E64))),1,0) -> 0 | AB64: =IF( AND( ISNUMBER(RESULTADOS!C64), ISNUMBER(RESULTADOS!E64), ISNUMBER(C64), ISNUMBER(E64), AND(Z64=1,AA64=0,(RESULTADOS!C64-RESULTADOS!E64)=(C64-E64)) ), 1, 0 ) -> 0 | AC64: C61 | AD64: C63 | AE64: E66 | AF64: =IF(ISNUMBER(FIND("C", AC64, 1)), SUBSTITUTE(AC64, "C", "E"), SUBSTITUTE(AC64, "E", "C")) -> E61 | AG64: =IF(ISNUMBER(FIND("C", AD64, 1)), SUBSTITUTE(AD64, "C", "E"), SUBSTITUTE(AD64, "E", "C")) -> E63 | AH64: =IF(ISNUMBER(FIND("C", AE64, 1)), SUBSTITUTE(AE64, "C", "E"), SUBSTITUTE(AE64, "E", "C")) -> C66
B65: Cabo Verde | D65: x | F65: Arábia Saudita | H65: 46199 | I65: 0.875 | K65: Uruguai | L65: =SUM(IF(AND(ISNUMBER(INDIRECT($AC65)),INDIRECT($AC65)>INDIRECT($AF65)),3,IF(AND(ISNUMBER(INDIRECT($AC65)),INDIRECT($AC65)=INDIRECT($AF65)),1,0)),IF(AND(ISNUMBER(INDIRECT($AD65)),INDIRECT($AD65)>INDIRECT($AG65)),3,IF(AND(ISNUMBER(INDIRECT($AD65)),INDIRECT($AD65)=INDIRECT($AG65)),1,0)),IF(AND(ISNUMBER(INDIRECT($AE65)),INDIRECT($AE65)>INDIRECT($AH65)),3,IF(AND(ISNUMBER(INDIRECT($AE65)),INDIRECT($AE65)=INDIRECT($AH65)),1,0))) -> 0 | M65: =N65-O65 -> 0 | N65: =SUM(INDIRECT($AC65),INDIRECT($AD65),INDIRECT($AE65)) -> 0 | O65: =SUM(INDIRECT($AF65),INDIRECT($AG65),INDIRECT($AH65)) -> 0 | P65: =SUM(IF(AND(ISNUMBER(INDIRECT($AC65)),INDIRECT($AC65)>INDIRECT($AF65)),1,0),IF(AND(ISNUMBER(INDIRECT($AD65)),INDIRECT($AD65)>INDIRECT($AG65)),1,0),IF(AND(ISNUMBER(INDIRECT($AE65)),INDIRECT($AE65)>INDIRECT($AH65)),1,0)) -> 0 | Q65: =SUM(IF(AND(ISNUMBER(INDIRECT($AC65)),INDIRECT($AC65)=INDIRECT($AF65)),1,0),IF(AND(ISNUMBER(INDIRECT($AD65)),INDIRECT($AD65)=INDIRECT($AG65)),1,0),IF(AND(ISNUMBER(INDIRECT($AE65)),INDIRECT($AE65)=INDIRECT($AH65)),1,0)) -> 0 | R65: =SUM(IF(AND(ISNUMBER(INDIRECT($AC65)),INDIRECT($AC65)<INDIRECT($AF65)),1,0),IF(AND(ISNUMBER(INDIRECT($AD65)),INDIRECT($AD65)<INDIRECT($AG65)),1,0),IF(AND(ISNUMBER(INDIRECT($AE65)),INDIRECT($AE65)<INDIRECT($AH65)),1,0)) -> 0 | T65: =IF(NOT(AND(ISNUMBER(C65),ISNUMBER(E65))),"XXX","") -> XXX | U65: =SUM(Y65,Z65,AA65, AB65) -> 0 | Y65: =IF(AND(ISNUMBER(RESULTADOS!C65),ISNUMBER(RESULTADOS!E65),ISNUMBER(C65),ISNUMBER(E65),C65=RESULTADOS!C65,E65=RESULTADOS!E65),2,0) -> 0 | Z65: =IF(AND(ISNUMBER(RESULTADOS!C65),ISNUMBER(RESULTADOS!E65),ISNUMBER(C65),ISNUMBER(E65)),IF(OR(AND(C65>E65,RESULTADOS!C65>RESULTADOS!E65),AND(C65<E65,RESULTADOS!C65<RESULTADOS!E65)),1,IF(AND(C65=E65,RESULTADOS!C65=RESULTADOS!E65),2,0)),0) -> 0 | AA65: =IF(AND(ISNUMBER(RESULTADOS!C65),ISNUMBER(RESULTADOS!E65),ISNUMBER(C65),ISNUMBER(E65),AND(Z65=1,OR(C65=RESULTADOS!C65,E65=RESULTADOS!E65))),1,0) -> 0 | AB65: =IF( AND( ISNUMBER(RESULTADOS!C65), ISNUMBER(RESULTADOS!E65), ISNUMBER(C65), ISNUMBER(E65), AND(Z65=1,AA65=0,(RESULTADOS!C65-RESULTADOS!E65)=(C65-E65)) ), 1, 0 ) -> 0 | AC65: E62 | AD65: C64 | AE65: C66 | AF65: =IF(ISNUMBER(FIND("C", AC65, 1)), SUBSTITUTE(AC65, "C", "E"), SUBSTITUTE(AC65, "E", "C")) -> C62 | AG65: =IF(ISNUMBER(FIND("C", AD65, 1)), SUBSTITUTE(AD65, "C", "E"), SUBSTITUTE(AD65, "E", "C")) -> E64 | AH65: =IF(ISNUMBER(FIND("C", AE65, 1)), SUBSTITUTE(AE65, "C", "E"), SUBSTITUTE(AE65, "E", "C")) -> E66
B66: Uruguai | D66: x | F66: Espanha | H66: 46199 | I66: 0.875 | T66: =IF(NOT(AND(ISNUMBER(C66),ISNUMBER(E66))),"XXX","") -> XXX | U66: =SUM(Y66,Z66,AA66, AB66) -> 0 | Y66: =IF(AND(ISNUMBER(RESULTADOS!C66),ISNUMBER(RESULTADOS!E66),ISNUMBER(C66),ISNUMBER(E66),C66=RESULTADOS!C66,E66=RESULTADOS!E66),2,0) -> 0 | Z66: =IF(AND(ISNUMBER(RESULTADOS!C66),ISNUMBER(RESULTADOS!E66),ISNUMBER(C66),ISNUMBER(E66)),IF(OR(AND(C66>E66,RESULTADOS!C66>RESULTADOS!E66),AND(C66<E66,RESULTADOS!C66<RESULTADOS!E66)),1,IF(AND(C66=E66,RESULTADOS!C66=RESULTADOS!E66),2,0)),0) -> 0 | AA66: =IF(AND(ISNUMBER(RESULTADOS!C66),ISNUMBER(RESULTADOS!E66),ISNUMBER(C66),ISNUMBER(E66),AND(Z66=1,OR(C66=RESULTADOS!C66,E66=RESULTADOS!E66))),1,0) -> 0 | AB66: =IF( AND( ISNUMBER(RESULTADOS!C66), ISNUMBER(RESULTADOS!E66), ISNUMBER(C66), ISNUMBER(E66), AND(Z66=1,AA66=0,(RESULTADOS!C66-RESULTADOS!E66)=(C66-E66)) ), 1, 0 ) -> 0
B68: GRUPO I | H68: DIA | I68: HORA
B69: França | D69: x | F69: Senegal | H69: 46189 | I69: 0.66666667 | L69: P | M69: SG | N69: GP | O69: GC | P69: V | Q69: E | R69: D | T69: =IF(NOT(AND(ISNUMBER(C69),ISNUMBER(E69))),"XXX","") -> XXX | U69: =SUM(Y69,Z69,AA69, AB69) -> 0 | Y69: =IF(AND(ISNUMBER(RESULTADOS!C69),ISNUMBER(RESULTADOS!E69),ISNUMBER(C69),ISNUMBER(E69),C69=RESULTADOS!C69,E69=RESULTADOS!E69),2,0) -> 0 | Z69: =IF(AND(ISNUMBER(RESULTADOS!C69),ISNUMBER(RESULTADOS!E69),ISNUMBER(C69),ISNUMBER(E69)),IF(OR(AND(C69>E69,RESULTADOS!C69>RESULTADOS!E69),AND(C69<E69,RESULTADOS!C69<RESULTADOS!E69)),1,IF(AND(C69=E69,RESULTADOS!C69=RESULTADOS!E69),2,0)),0) -> 0 | AA69: =IF(AND(ISNUMBER(RESULTADOS!C69),ISNUMBER(RESULTADOS!E69),ISNUMBER(C69),ISNUMBER(E69),AND(Z69=1,OR(C69=RESULTADOS!C69,E69=RESULTADOS!E69))),1,0) -> 0 | AB69: =IF( AND( ISNUMBER(RESULTADOS!C69), ISNUMBER(RESULTADOS!E69), ISNUMBER(C69), ISNUMBER(E69), AND(Z69=1,AA69=0,(RESULTADOS!C69-RESULTADOS!E69)=(C69-E69)) ), 1, 0 ) -> 0
B70: Iraque | D70: x | F70: Noruega | H70: 46189 | I70: 0.79166667 | K70: França | L70: =SUM(IF(AND(ISNUMBER(INDIRECT($AC70)),INDIRECT($AC70)>INDIRECT($AF70)),3,IF(AND(ISNUMBER(INDIRECT($AC70)),INDIRECT($AC70)=INDIRECT($AF70)),1,0)),IF(AND(ISNUMBER(INDIRECT($AD70)),INDIRECT($AD70)>INDIRECT($AG70)),3,IF(AND(ISNUMBER(INDIRECT($AD70)),INDIRECT($AD70)=INDIRECT($AG70)),1,0)),IF(AND(ISNUMBER(INDIRECT($AE70)),INDIRECT($AE70)>INDIRECT($AH70)),3,IF(AND(ISNUMBER(INDIRECT($AE70)),INDIRECT($AE70)=INDIRECT($AH70)),1,0))) -> 0 | M70: =N70-O70 -> 0 | N70: =SUM(INDIRECT($AC70),INDIRECT($AD70),INDIRECT($AE70)) -> 0 | O70: =SUM(INDIRECT($AF70),INDIRECT($AG70),INDIRECT($AH70)) -> 0 | P70: =SUM(IF(AND(ISNUMBER(INDIRECT($AC70)),INDIRECT($AC70)>INDIRECT($AF70)),1,0),IF(AND(ISNUMBER(INDIRECT($AD70)),INDIRECT($AD70)>INDIRECT($AG70)),1,0),IF(AND(ISNUMBER(INDIRECT($AE70)),INDIRECT($AE70)>INDIRECT($AH70)),1,0)) -> 0 | Q70: =SUM(IF(AND(ISNUMBER(INDIRECT($AC70)),INDIRECT($AC70)=INDIRECT($AF70)),1,0),IF(AND(ISNUMBER(INDIRECT($AD70)),INDIRECT($AD70)=INDIRECT($AG70)),1,0),IF(AND(ISNUMBER(INDIRECT($AE70)),INDIRECT($AE70)=INDIRECT($AH70)),1,0)) -> 0 | R70: =SUM(IF(AND(ISNUMBER(INDIRECT($AC70)),INDIRECT($AC70)<INDIRECT($AF70)),1,0),IF(AND(ISNUMBER(INDIRECT($AD70)),INDIRECT($AD70)<INDIRECT($AG70)),1,0),IF(AND(ISNUMBER(INDIRECT($AE70)),INDIRECT($AE70)<INDIRECT($AH70)),1,0)) -> 0 | T70: =IF(NOT(AND(ISNUMBER(C70),ISNUMBER(E70))),"XXX","") -> XXX | U70: =SUM(Y70,Z70,AA70, AB70) -> 0 | Y70: =IF(AND(ISNUMBER(RESULTADOS!C70),ISNUMBER(RESULTADOS!E70),ISNUMBER(C70),ISNUMBER(E70),C70=RESULTADOS!C70,E70=RESULTADOS!E70),2,0) -> 0 | Z70: =IF(AND(ISNUMBER(RESULTADOS!C70),ISNUMBER(RESULTADOS!E70),ISNUMBER(C70),ISNUMBER(E70)),IF(OR(AND(C70>E70,RESULTADOS!C70>RESULTADOS!E70),AND(C70<E70,RESULTADOS!C70<RESULTADOS!E70)),1,IF(AND(C70=E70,RESULTADOS!C70=RESULTADOS!E70),2,0)),0) -> 0 | AA70: =IF(AND(ISNUMBER(RESULTADOS!C70),ISNUMBER(RESULTADOS!E70),ISNUMBER(C70),ISNUMBER(E70),AND(Z70=1,OR(C70=RESULTADOS!C70,E70=RESULTADOS!E70))),1,0) -> 0 | AB70: =IF( AND( ISNUMBER(RESULTADOS!C70), ISNUMBER(RESULTADOS!E70), ISNUMBER(C70), ISNUMBER(E70), AND(Z70=1,AA70=0,(RESULTADOS!C70-RESULTADOS!E70)=(C70-E70)) ), 1, 0 ) -> 0 | AC70: C69 | AD70: C71 | AE70: E74 | AF70: =IF(ISNUMBER(FIND("C", AC70, 1)), SUBSTITUTE(AC70, "C", "E"), SUBSTITUTE(AC70, "E", "C")) -> E69 | AG70: =IF(ISNUMBER(FIND("C", AD70, 1)), SUBSTITUTE(AD70, "C", "E"), SUBSTITUTE(AD70, "E", "C")) -> E71 | AH70: =IF(ISNUMBER(FIND("C", AE70, 1)), SUBSTITUTE(AE70, "C", "E"), SUBSTITUTE(AE70, "E", "C")) -> C74
B71: França | D71: x | F71: Iraque | H71: 46195 | I71: 0.75 | K71: Iraque | L71: =SUM(IF(AND(ISNUMBER(INDIRECT($AC71)),INDIRECT($AC71)>INDIRECT($AF71)),3,IF(AND(ISNUMBER(INDIRECT($AC71)),INDIRECT($AC71)=INDIRECT($AF71)),1,0)),IF(AND(ISNUMBER(INDIRECT($AD71)),INDIRECT($AD71)>INDIRECT($AG71)),3,IF(AND(ISNUMBER(INDIRECT($AD71)),INDIRECT($AD71)=INDIRECT($AG71)),1,0)),IF(AND(ISNUMBER(INDIRECT($AE71)),INDIRECT($AE71)>INDIRECT($AH71)),3,IF(AND(ISNUMBER(INDIRECT($AE71)),INDIRECT($AE71)=INDIRECT($AH71)),1,0))) -> 0 | M71: =N71-O71 -> 0 | N71: =SUM(INDIRECT($AC71),INDIRECT($AD71),INDIRECT($AE71)) -> 0 | O71: =SUM(INDIRECT($AF71),INDIRECT($AG71),INDIRECT($AH71)) -> 0 | P71: =SUM(IF(AND(ISNUMBER(INDIRECT($AC71)),INDIRECT($AC71)>INDIRECT($AF71)),1,0),IF(AND(ISNUMBER(INDIRECT($AD71)),INDIRECT($AD71)>INDIRECT($AG71)),1,0),IF(AND(ISNUMBER(INDIRECT($AE71)),INDIRECT($AE71)>INDIRECT($AH71)),1,0)) -> 0 | Q71: =SUM(IF(AND(ISNUMBER(INDIRECT($AC71)),INDIRECT($AC71)=INDIRECT($AF71)),1,0),IF(AND(ISNUMBER(INDIRECT($AD71)),INDIRECT($AD71)=INDIRECT($AG71)),1,0),IF(AND(ISNUMBER(INDIRECT($AE71)),INDIRECT($AE71)=INDIRECT($AH71)),1,0)) -> 0 | R71: =SUM(IF(AND(ISNUMBER(INDIRECT($AC71)),INDIRECT($AC71)<INDIRECT($AF71)),1,0),IF(AND(ISNUMBER(INDIRECT($AD71)),INDIRECT($AD71)<INDIRECT($AG71)),1,0),IF(AND(ISNUMBER(INDIRECT($AE71)),INDIRECT($AE71)<INDIRECT($AH71)),1,0)) -> 0 | T71: =IF(NOT(AND(ISNUMBER(C71),ISNUMBER(E71))),"XXX","") -> XXX | U71: =SUM(Y71,Z71,AA71, AB71) -> 0 | Y71: =IF(AND(ISNUMBER(RESULTADOS!C71),ISNUMBER(RESULTADOS!E71),ISNUMBER(C71),ISNUMBER(E71),C71=RESULTADOS!C71,E71=RESULTADOS!E71),2,0) -> 0 | Z71: =IF(AND(ISNUMBER(RESULTADOS!C71),ISNUMBER(RESULTADOS!E71),ISNUMBER(C71),ISNUMBER(E71)),IF(OR(AND(C71>E71,RESULTADOS!C71>RESULTADOS!E71),AND(C71<E71,RESULTADOS!C71<RESULTADOS!E71)),1,IF(AND(C71=E71,RESULTADOS!C71=RESULTADOS!E71),2,0)),0) -> 0 | AA71: =IF(AND(ISNUMBER(RESULTADOS!C71),ISNUMBER(RESULTADOS!E71),ISNUMBER(C71),ISNUMBER(E71),AND(Z71=1,OR(C71=RESULTADOS!C71,E71=RESULTADOS!E71))),1,0) -> 0 | AB71: =IF( AND( ISNUMBER(RESULTADOS!C71), ISNUMBER(RESULTADOS!E71), ISNUMBER(C71), ISNUMBER(E71), AND(Z71=1,AA71=0,(RESULTADOS!C71-RESULTADOS!E71)=(C71-E71)) ), 1, 0 ) -> 0 | AC71: C70 | AD71: E71 | AE71: E73 | AF71: =IF(ISNUMBER(FIND("C", AC71, 1)), SUBSTITUTE(AC71, "C", "E"), SUBSTITUTE(AC71, "E", "C")) -> E70 | AG71: =IF(ISNUMBER(FIND("C", AD71, 1)), SUBSTITUTE(AD71, "C", "E"), SUBSTITUTE(AD71, "E", "C")) -> C71 | AH71: =IF(ISNUMBER(FIND("C", AE71, 1)), SUBSTITUTE(AE71, "C", "E"), SUBSTITUTE(AE71, "E", "C")) -> C73
B72: Noruega | D72: x | F72: Senegal | H72: 46195 | I72: 0.875 | K72: Noruega | L72: =SUM(IF(AND(ISNUMBER(INDIRECT($AC72)),INDIRECT($AC72)>INDIRECT($AF72)),3,IF(AND(ISNUMBER(INDIRECT($AC72)),INDIRECT($AC72)=INDIRECT($AF72)),1,0)),IF(AND(ISNUMBER(INDIRECT($AD72)),INDIRECT($AD72)>INDIRECT($AG72)),3,IF(AND(ISNUMBER(INDIRECT($AD72)),INDIRECT($AD72)=INDIRECT($AG72)),1,0)),IF(AND(ISNUMBER(INDIRECT($AE72)),INDIRECT($AE72)>INDIRECT($AH72)),3,IF(AND(ISNUMBER(INDIRECT($AE72)),INDIRECT($AE72)=INDIRECT($AH72)),1,0))) -> 0 | M72: =N72-O72 -> 0 | N72: =SUM(INDIRECT($AC72),INDIRECT($AD72),INDIRECT($AE72)) -> 0 | O72: =SUM(INDIRECT($AF72),INDIRECT($AG72),INDIRECT($AH72)) -> 0 | P72: =SUM(IF(AND(ISNUMBER(INDIRECT($AC72)),INDIRECT($AC72)>INDIRECT($AF72)),1,0),IF(AND(ISNUMBER(INDIRECT($AD72)),INDIRECT($AD72)>INDIRECT($AG72)),1,0),IF(AND(ISNUMBER(INDIRECT($AE72)),INDIRECT($AE72)>INDIRECT($AH72)),1,0)) -> 0 | Q72: =SUM(IF(AND(ISNUMBER(INDIRECT($AC72)),INDIRECT($AC72)=INDIRECT($AF72)),1,0),IF(AND(ISNUMBER(INDIRECT($AD72)),INDIRECT($AD72)=INDIRECT($AG72)),1,0),IF(AND(ISNUMBER(INDIRECT($AE72)),INDIRECT($AE72)=INDIRECT($AH72)),1,0)) -> 0 | R72: =SUM(IF(AND(ISNUMBER(INDIRECT($AC72)),INDIRECT($AC72)<INDIRECT($AF72)),1,0),IF(AND(ISNUMBER(INDIRECT($AD72)),INDIRECT($AD72)<INDIRECT($AG72)),1,0),IF(AND(ISNUMBER(INDIRECT($AE72)),INDIRECT($AE72)<INDIRECT($AH72)),1,0)) -> 0 | T72: =IF(NOT(AND(ISNUMBER(C72),ISNUMBER(E72))),"XXX","") -> XXX | U72: =SUM(Y72,Z72,AA72, AB72) -> 0 | Y72: =IF(AND(ISNUMBER(RESULTADOS!C72),ISNUMBER(RESULTADOS!E72),ISNUMBER(C72),ISNUMBER(E72),C72=RESULTADOS!C72,E72=RESULTADOS!E72),2,0) -> 0 | Z72: =IF(AND(ISNUMBER(RESULTADOS!C72),ISNUMBER(RESULTADOS!E72),ISNUMBER(C72),ISNUMBER(E72)),IF(OR(AND(C72>E72,RESULTADOS!C72>RESULTADOS!E72),AND(C72<E72,RESULTADOS!C72<RESULTADOS!E72)),1,IF(AND(C72=E72,RESULTADOS!C72=RESULTADOS!E72),2,0)),0) -> 0 | AA72: =IF(AND(ISNUMBER(RESULTADOS!C72),ISNUMBER(RESULTADOS!E72),ISNUMBER(C72),ISNUMBER(E72),AND(Z72=1,OR(C72=RESULTADOS!C72,E72=RESULTADOS!E72))),1,0) -> 0 | AB72: =IF( AND( ISNUMBER(RESULTADOS!C72), ISNUMBER(RESULTADOS!E72), ISNUMBER(C72), ISNUMBER(E72), AND(Z72=1,AA72=0,(RESULTADOS!C72-RESULTADOS!E72)=(C72-E72)) ), 1, 0 ) -> 0 | AC72: E70 | AD72: C72 | AE72: C74 | AF72: =IF(ISNUMBER(FIND("C", AC72, 1)), SUBSTITUTE(AC72, "C", "E"), SUBSTITUTE(AC72, "E", "C")) -> C70 | AG72: =IF(ISNUMBER(FIND("C", AD72, 1)), SUBSTITUTE(AD72, "C", "E"), SUBSTITUTE(AD72, "E", "C")) -> E72 | AH72: =IF(ISNUMBER(FIND("C", AE72, 1)), SUBSTITUTE(AE72, "C", "E"), SUBSTITUTE(AE72, "E", "C")) -> E74
B73: Senegal | D73: x | F73: Iraque | H73: 46199 | I73: 0.66666667 | K73: Senegal | L73: =SUM(IF(AND(ISNUMBER(INDIRECT($AC73)),INDIRECT($AC73)>INDIRECT($AF73)),3,IF(AND(ISNUMBER(INDIRECT($AC73)),INDIRECT($AC73)=INDIRECT($AF73)),1,0)),IF(AND(ISNUMBER(INDIRECT($AD73)),INDIRECT($AD73)>INDIRECT($AG73)),3,IF(AND(ISNUMBER(INDIRECT($AD73)),INDIRECT($AD73)=INDIRECT($AG73)),1,0)),IF(AND(ISNUMBER(INDIRECT($AE73)),INDIRECT($AE73)>INDIRECT($AH73)),3,IF(AND(ISNUMBER(INDIRECT($AE73)),INDIRECT($AE73)=INDIRECT($AH73)),1,0))) -> 0 | M73: =N73-O73 -> 0 | N73: =SUM(INDIRECT($AC73),INDIRECT($AD73),INDIRECT($AE73)) -> 0 | O73: =SUM(INDIRECT($AF73),INDIRECT($AG73),INDIRECT($AH73)) -> 0 | P73: =SUM(IF(AND(ISNUMBER(INDIRECT($AC73)),INDIRECT($AC73)>INDIRECT($AF73)),1,0),IF(AND(ISNUMBER(INDIRECT($AD73)),INDIRECT($AD73)>INDIRECT($AG73)),1,0),IF(AND(ISNUMBER(INDIRECT($AE73)),INDIRECT($AE73)>INDIRECT($AH73)),1,0)) -> 0 | Q73: =SUM(IF(AND(ISNUMBER(INDIRECT($AC73)),INDIRECT($AC73)=INDIRECT($AF73)),1,0),IF(AND(ISNUMBER(INDIRECT($AD73)),INDIRECT($AD73)=INDIRECT($AG73)),1,0),IF(AND(ISNUMBER(INDIRECT($AE73)),INDIRECT($AE73)=INDIRECT($AH73)),1,0)) -> 0 | R73: =SUM(IF(AND(ISNUMBER(INDIRECT($AC73)),INDIRECT($AC73)<INDIRECT($AF73)),1,0),IF(AND(ISNUMBER(INDIRECT($AD73)),INDIRECT($AD73)<INDIRECT($AG73)),1,0),IF(AND(ISNUMBER(INDIRECT($AE73)),INDIRECT($AE73)<INDIRECT($AH73)),1,0)) -> 0 | T73: =IF(NOT(AND(ISNUMBER(C73),ISNUMBER(E73))),"XXX","") -> XXX | U73: =SUM(Y73,Z73,AA73, AB73) -> 0 | Y73: =IF(AND(ISNUMBER(RESULTADOS!C73),ISNUMBER(RESULTADOS!E73),ISNUMBER(C73),ISNUMBER(E73),C73=RESULTADOS!C73,E73=RESULTADOS!E73),2,0) -> 0 | Z73: =IF(AND(ISNUMBER(RESULTADOS!C73),ISNUMBER(RESULTADOS!E73),ISNUMBER(C73),ISNUMBER(E73)),IF(OR(AND(C73>E73,RESULTADOS!C73>RESULTADOS!E73),AND(C73<E73,RESULTADOS!C73<RESULTADOS!E73)),1,IF(AND(C73=E73,RESULTADOS!C73=RESULTADOS!E73),2,0)),0) -> 0 | AA73: =IF(AND(ISNUMBER(RESULTADOS!C73),ISNUMBER(RESULTADOS!E73),ISNUMBER(C73),ISNUMBER(E73),AND(Z73=1,OR(C73=RESULTADOS!C73,E73=RESULTADOS!E73))),1,0) -> 0 | AB73: =IF( AND( ISNUMBER(RESULTADOS!C73), ISNUMBER(RESULTADOS!E73), ISNUMBER(C73), ISNUMBER(E73), AND(Z73=1,AA73=0,(RESULTADOS!C73-RESULTADOS!E73)=(C73-E73)) ), 1, 0 ) -> 0 | AC73: E69 | AD73: E72 | AE73: C73 | AF73: =IF(ISNUMBER(FIND("C", AC73, 1)), SUBSTITUTE(AC73, "C", "E"), SUBSTITUTE(AC73, "E", "C")) -> C69 | AG73: =IF(ISNUMBER(FIND("C", AD73, 1)), SUBSTITUTE(AD73, "C", "E"), SUBSTITUTE(AD73, "E", "C")) -> C72 | AH73: =IF(ISNUMBER(FIND("C", AE73, 1)), SUBSTITUTE(AE73, "C", "E"), SUBSTITUTE(AE73, "E", "C")) -> E73
B74: Noruega | D74: x | F74: França | H74: 46199 | I74: 0.66666667 | T74: =IF(NOT(AND(ISNUMBER(C74),ISNUMBER(E74))),"XXX","") -> XXX | U74: =SUM(Y74,Z74,AA74, AB74) -> 0 | Y74: =IF(AND(ISNUMBER(RESULTADOS!C74),ISNUMBER(RESULTADOS!E74),ISNUMBER(C74),ISNUMBER(E74),C74=RESULTADOS!C74,E74=RESULTADOS!E74),2,0) -> 0 | Z74: =IF(AND(ISNUMBER(RESULTADOS!C74),ISNUMBER(RESULTADOS!E74),ISNUMBER(C74),ISNUMBER(E74)),IF(OR(AND(C74>E74,RESULTADOS!C74>RESULTADOS!E74),AND(C74<E74,RESULTADOS!C74<RESULTADOS!E74)),1,IF(AND(C74=E74,RESULTADOS!C74=RESULTADOS!E74),2,0)),0) -> 0 | AA74: =IF(AND(ISNUMBER(RESULTADOS!C74),ISNUMBER(RESULTADOS!E74),ISNUMBER(C74),ISNUMBER(E74),AND(Z74=1,OR(C74=RESULTADOS!C74,E74=RESULTADOS!E74))),1,0) -> 0 | AB74: =IF( AND( ISNUMBER(RESULTADOS!C74), ISNUMBER(RESULTADOS!E74), ISNUMBER(C74), ISNUMBER(E74), AND(Z74=1,AA74=0,(RESULTADOS!C74-RESULTADOS!E74)=(C74-E74)) ), 1, 0 ) -> 0
B76: GRUPO J | H76: DIA | I76: HORA
B77: Argentina | D77: x | F77: Argélia | H77: 46189 | I77: 0.91666667 | L77: P | M77: SG | N77: GP | O77: GC | P77: V | Q77: E | R77: D | T77: =IF(NOT(AND(ISNUMBER(C77),ISNUMBER(E77))),"XXX","") -> XXX | U77: =SUM(Y77,Z77,AA77, AB77) -> 0 | Y77: =IF(AND(ISNUMBER(RESULTADOS!C77),ISNUMBER(RESULTADOS!E77),ISNUMBER(C77),ISNUMBER(E77),C77=RESULTADOS!C77,E77=RESULTADOS!E77),2,0) -> 0 | Z77: =IF(AND(ISNUMBER(RESULTADOS!C77),ISNUMBER(RESULTADOS!E77),ISNUMBER(C77),ISNUMBER(E77)),IF(OR(AND(C77>E77,RESULTADOS!C77>RESULTADOS!E77),AND(C77<E77,RESULTADOS!C77<RESULTADOS!E77)),1,IF(AND(C77=E77,RESULTADOS!C77=RESULTADOS!E77),2,0)),0) -> 0 | AA77: =IF(AND(ISNUMBER(RESULTADOS!C77),ISNUMBER(RESULTADOS!E77),ISNUMBER(C77),ISNUMBER(E77),AND(Z77=1,OR(C77=RESULTADOS!C77,E77=RESULTADOS!E77))),1,0) -> 0 | AB77: =IF( AND( ISNUMBER(RESULTADOS!C77), ISNUMBER(RESULTADOS!E77), ISNUMBER(C77), ISNUMBER(E77), AND(Z77=1,AA77=0,(RESULTADOS!C77-RESULTADOS!E77)=(C77-E77)) ), 1, 0 ) -> 0
B78: Áustria | D78: x | F78: Jordânia | H78: 46190 | I78: 0.041666667 | K78: Argentina | L78: =SUM(IF(AND(ISNUMBER(INDIRECT($AC78)),INDIRECT($AC78)>INDIRECT($AF78)),3,IF(AND(ISNUMBER(INDIRECT($AC78)),INDIRECT($AC78)=INDIRECT($AF78)),1,0)),IF(AND(ISNUMBER(INDIRECT($AD78)),INDIRECT($AD78)>INDIRECT($AG78)),3,IF(AND(ISNUMBER(INDIRECT($AD78)),INDIRECT($AD78)=INDIRECT($AG78)),1,0)),IF(AND(ISNUMBER(INDIRECT($AE78)),INDIRECT($AE78)>INDIRECT($AH78)),3,IF(AND(ISNUMBER(INDIRECT($AE78)),INDIRECT($AE78)=INDIRECT($AH78)),1,0))) -> 0 | M78: =N78-O78 -> 0 | N78: =SUM(INDIRECT($AC78),INDIRECT($AD78),INDIRECT($AE78)) -> 0 | O78: =SUM(INDIRECT($AF78),INDIRECT($AG78),INDIRECT($AH78)) -> 0 | P78: =SUM(IF(AND(ISNUMBER(INDIRECT($AC78)),INDIRECT($AC78)>INDIRECT($AF78)),1,0),IF(AND(ISNUMBER(INDIRECT($AD78)),INDIRECT($AD78)>INDIRECT($AG78)),1,0),IF(AND(ISNUMBER(INDIRECT($AE78)),INDIRECT($AE78)>INDIRECT($AH78)),1,0)) -> 0 | Q78: =SUM(IF(AND(ISNUMBER(INDIRECT($AC78)),INDIRECT($AC78)=INDIRECT($AF78)),1,0),IF(AND(ISNUMBER(INDIRECT($AD78)),INDIRECT($AD78)=INDIRECT($AG78)),1,0),IF(AND(ISNUMBER(INDIRECT($AE78)),INDIRECT($AE78)=INDIRECT($AH78)),1,0)) -> 0 | R78: =SUM(IF(AND(ISNUMBER(INDIRECT($AC78)),INDIRECT($AC78)<INDIRECT($AF78)),1,0),IF(AND(ISNUMBER(INDIRECT($AD78)),INDIRECT($AD78)<INDIRECT($AG78)),1,0),IF(AND(ISNUMBER(INDIRECT($AE78)),INDIRECT($AE78)<INDIRECT($AH78)),1,0)) -> 0 | T78: =IF(NOT(AND(ISNUMBER(C78),ISNUMBER(E78))),"XXX","") -> XXX | U78: =SUM(Y78,Z78,AA78, AB78) -> 0 | Y78: =IF(AND(ISNUMBER(RESULTADOS!C78),ISNUMBER(RESULTADOS!E78),ISNUMBER(C78),ISNUMBER(E78),C78=RESULTADOS!C78,E78=RESULTADOS!E78),2,0) -> 0 | Z78: =IF(AND(ISNUMBER(RESULTADOS!C78),ISNUMBER(RESULTADOS!E78),ISNUMBER(C78),ISNUMBER(E78)),IF(OR(AND(C78>E78,RESULTADOS!C78>RESULTADOS!E78),AND(C78<E78,RESULTADOS!C78<RESULTADOS!E78)),1,IF(AND(C78=E78,RESULTADOS!C78=RESULTADOS!E78),2,0)),0) -> 0 | AA78: =IF(AND(ISNUMBER(RESULTADOS!C78),ISNUMBER(RESULTADOS!E78),ISNUMBER(C78),ISNUMBER(E78),AND(Z78=1,OR(C78=RESULTADOS!C78,E78=RESULTADOS!E78))),1,0) -> 0 | AB78: =IF( AND( ISNUMBER(RESULTADOS!C78), ISNUMBER(RESULTADOS!E78), ISNUMBER(C78), ISNUMBER(E78), AND(Z78=1,AA78=0,(RESULTADOS!C78-RESULTADOS!E78)=(C78-E78)) ), 1, 0 ) -> 0 | AC78: C77 | AD78: C79 | AE78: E81 | AF78: =IF(ISNUMBER(FIND("C", AC78, 1)), SUBSTITUTE(AC78, "C", "E"), SUBSTITUTE(AC78, "E", "C")) -> E77 | AG78: =IF(ISNUMBER(FIND("C", AD78, 1)), SUBSTITUTE(AD78, "C", "E"), SUBSTITUTE(AD78, "E", "C")) -> E79 | AH78: =IF(ISNUMBER(FIND("C", AE78, 1)), SUBSTITUTE(AE78, "C", "E"), SUBSTITUTE(AE78, "E", "C")) -> C81
B79: Argentina | D79: x | F79: Áustria | H79: 46195 | I79: 0.58333333 | K79: Argélia | L79: =SUM(IF(AND(ISNUMBER(INDIRECT($AC79)),INDIRECT($AC79)>INDIRECT($AF79)),3,IF(AND(ISNUMBER(INDIRECT($AC79)),INDIRECT($AC79)=INDIRECT($AF79)),1,0)),IF(AND(ISNUMBER(INDIRECT($AD79)),INDIRECT($AD79)>INDIRECT($AG79)),3,IF(AND(ISNUMBER(INDIRECT($AD79)),INDIRECT($AD79)=INDIRECT($AG79)),1,0)),IF(AND(ISNUMBER(INDIRECT($AE79)),INDIRECT($AE79)>INDIRECT($AH79)),3,IF(AND(ISNUMBER(INDIRECT($AE79)),INDIRECT($AE79)=INDIRECT($AH79)),1,0))) -> 0 | M79: =N79-O79 -> 0 | N79: =SUM(INDIRECT($AC79),INDIRECT($AD79),INDIRECT($AE79)) -> 0 | O79: =SUM(INDIRECT($AF79),INDIRECT($AG79),INDIRECT($AH79)) -> 0 | P79: =SUM(IF(AND(ISNUMBER(INDIRECT($AC79)),INDIRECT($AC79)>INDIRECT($AF79)),1,0),IF(AND(ISNUMBER(INDIRECT($AD79)),INDIRECT($AD79)>INDIRECT($AG79)),1,0),IF(AND(ISNUMBER(INDIRECT($AE79)),INDIRECT($AE79)>INDIRECT($AH79)),1,0)) -> 0 | Q79: =SUM(IF(AND(ISNUMBER(INDIRECT($AC79)),INDIRECT($AC79)=INDIRECT($AF79)),1,0),IF(AND(ISNUMBER(INDIRECT($AD79)),INDIRECT($AD79)=INDIRECT($AG79)),1,0),IF(AND(ISNUMBER(INDIRECT($AE79)),INDIRECT($AE79)=INDIRECT($AH79)),1,0)) -> 0 | R79: =SUM(IF(AND(ISNUMBER(INDIRECT($AC79)),INDIRECT($AC79)<INDIRECT($AF79)),1,0),IF(AND(ISNUMBER(INDIRECT($AD79)),INDIRECT($AD79)<INDIRECT($AG79)),1,0),IF(AND(ISNUMBER(INDIRECT($AE79)),INDIRECT($AE79)<INDIRECT($AH79)),1,0)) -> 0 | T79: =IF(NOT(AND(ISNUMBER(C79),ISNUMBER(E79))),"XXX","") -> XXX | U79: =SUM(Y79,Z79,AA79, AB79) -> 0 | Y79: =IF(AND(ISNUMBER(RESULTADOS!C79),ISNUMBER(RESULTADOS!E79),ISNUMBER(C79),ISNUMBER(E79),C79=RESULTADOS!C79,E79=RESULTADOS!E79),2,0) -> 0 | Z79: =IF(AND(ISNUMBER(RESULTADOS!C79),ISNUMBER(RESULTADOS!E79),ISNUMBER(C79),ISNUMBER(E79)),IF(OR(AND(C79>E79,RESULTADOS!C79>RESULTADOS!E79),AND(C79<E79,RESULTADOS!C79<RESULTADOS!E79)),1,IF(AND(C79=E79,RESULTADOS!C79=RESULTADOS!E79),2,0)),0) -> 0 | AA79: =IF(AND(ISNUMBER(RESULTADOS!C79),ISNUMBER(RESULTADOS!E79),ISNUMBER(C79),ISNUMBER(E79),AND(Z79=1,OR(C79=RESULTADOS!C79,E79=RESULTADOS!E79))),1,0) -> 0 | AB79: =IF( AND( ISNUMBER(RESULTADOS!C79), ISNUMBER(RESULTADOS!E79), ISNUMBER(C79), ISNUMBER(E79), AND(Z79=1,AA79=0,(RESULTADOS!C79-RESULTADOS!E79)=(C79-E79)) ), 1, 0 ) -> 0 | AC79: E77 | AD79: E80 | AE79: C82 | AF79: =IF(ISNUMBER(FIND("C", AC79, 1)), SUBSTITUTE(AC79, "C", "E"), SUBSTITUTE(AC79, "E", "C")) -> C77 | AG79: =IF(ISNUMBER(FIND("C", AD79, 1)), SUBSTITUTE(AD79, "C", "E"), SUBSTITUTE(AD79, "E", "C")) -> C80 | AH79: =IF(ISNUMBER(FIND("C", AE79, 1)), SUBSTITUTE(AE79, "C", "E"), SUBSTITUTE(AE79, "E", "C")) -> E82
B80: Jordânia | D80: x | F80: Argélia | H80: 46196 | I80: 0 | K80: Jordânia | L80: =SUM(IF(AND(ISNUMBER(INDIRECT($AC80)),INDIRECT($AC80)>INDIRECT($AF80)),3,IF(AND(ISNUMBER(INDIRECT($AC80)),INDIRECT($AC80)=INDIRECT($AF80)),1,0)),IF(AND(ISNUMBER(INDIRECT($AD80)),INDIRECT($AD80)>INDIRECT($AG80)),3,IF(AND(ISNUMBER(INDIRECT($AD80)),INDIRECT($AD80)=INDIRECT($AG80)),1,0)),IF(AND(ISNUMBER(INDIRECT($AE80)),INDIRECT($AE80)>INDIRECT($AH80)),3,IF(AND(ISNUMBER(INDIRECT($AE80)),INDIRECT($AE80)=INDIRECT($AH80)),1,0))) -> 0 | M80: =N80-O80 -> 0 | N80: =SUM(INDIRECT($AC80),INDIRECT($AD80),INDIRECT($AE80)) -> 0 | O80: =SUM(INDIRECT($AF80),INDIRECT($AG80),INDIRECT($AH80)) -> 0 | P80: =SUM(IF(AND(ISNUMBER(INDIRECT($AC80)),INDIRECT($AC80)>INDIRECT($AF80)),1,0),IF(AND(ISNUMBER(INDIRECT($AD80)),INDIRECT($AD80)>INDIRECT($AG80)),1,0),IF(AND(ISNUMBER(INDIRECT($AE80)),INDIRECT($AE80)>INDIRECT($AH80)),1,0)) -> 0 | Q80: =SUM(IF(AND(ISNUMBER(INDIRECT($AC80)),INDIRECT($AC80)=INDIRECT($AF80)),1,0),IF(AND(ISNUMBER(INDIRECT($AD80)),INDIRECT($AD80)=INDIRECT($AG80)),1,0),IF(AND(ISNUMBER(INDIRECT($AE80)),INDIRECT($AE80)=INDIRECT($AH80)),1,0)) -> 0 | R80: =SUM(IF(AND(ISNUMBER(INDIRECT($AC80)),INDIRECT($AC80)<INDIRECT($AF80)),1,0),IF(AND(ISNUMBER(INDIRECT($AD80)),INDIRECT($AD80)<INDIRECT($AG80)),1,0),IF(AND(ISNUMBER(INDIRECT($AE80)),INDIRECT($AE80)<INDIRECT($AH80)),1,0)) -> 0 | T80: =IF(NOT(AND(ISNUMBER(C80),ISNUMBER(E80))),"XXX","") -> XXX | U80: =SUM(Y80,Z80,AA80, AB80) -> 0 | Y80: =IF(AND(ISNUMBER(RESULTADOS!C80),ISNUMBER(RESULTADOS!E80),ISNUMBER(C80),ISNUMBER(E80),C80=RESULTADOS!C80,E80=RESULTADOS!E80),2,0) -> 0 | Z80: =IF(AND(ISNUMBER(RESULTADOS!C80),ISNUMBER(RESULTADOS!E80),ISNUMBER(C80),ISNUMBER(E80)),IF(OR(AND(C80>E80,RESULTADOS!C80>RESULTADOS!E80),AND(C80<E80,RESULTADOS!C80<RESULTADOS!E80)),1,IF(AND(C80=E80,RESULTADOS!C80=RESULTADOS!E80),2,0)),0) -> 0 | AA80: =IF(AND(ISNUMBER(RESULTADOS!C80),ISNUMBER(RESULTADOS!E80),ISNUMBER(C80),ISNUMBER(E80),AND(Z80=1,OR(C80=RESULTADOS!C80,E80=RESULTADOS!E80))),1,0) -> 0 | AB80: =IF( AND( ISNUMBER(RESULTADOS!C80), ISNUMBER(RESULTADOS!E80), ISNUMBER(C80), ISNUMBER(E80), AND(Z80=1,AA80=0,(RESULTADOS!C80-RESULTADOS!E80)=(C80-E80)) ), 1, 0 ) -> 0 | AC80: E78 | AD80: C80 | AE80: C81 | AF80: =IF(ISNUMBER(FIND("C", AC80, 1)), SUBSTITUTE(AC80, "C", "E"), SUBSTITUTE(AC80, "E", "C")) -> C78 | AG80: =IF(ISNUMBER(FIND("C", AD80, 1)), SUBSTITUTE(AD80, "C", "E"), SUBSTITUTE(AD80, "E", "C")) -> E80 | AH80: =IF(ISNUMBER(FIND("C", AE80, 1)), SUBSTITUTE(AE80, "C", "E"), SUBSTITUTE(AE80, "E", "C")) -> E81
B81: Jordânia | D81: x | F81: Argentina | H81: 46200 | I81: 0.95833333 | K81: Áustria | L81: =SUM(IF(AND(ISNUMBER(INDIRECT($AC81)),INDIRECT($AC81)>INDIRECT($AF81)),3,IF(AND(ISNUMBER(INDIRECT($AC81)),INDIRECT($AC81)=INDIRECT($AF81)),1,0)),IF(AND(ISNUMBER(INDIRECT($AD81)),INDIRECT($AD81)>INDIRECT($AG81)),3,IF(AND(ISNUMBER(INDIRECT($AD81)),INDIRECT($AD81)=INDIRECT($AG81)),1,0)),IF(AND(ISNUMBER(INDIRECT($AE81)),INDIRECT($AE81)>INDIRECT($AH81)),3,IF(AND(ISNUMBER(INDIRECT($AE81)),INDIRECT($AE81)=INDIRECT($AH81)),1,0))) -> 0 | M81: =N81-O81 -> 0 | N81: =SUM(INDIRECT($AC81),INDIRECT($AD81),INDIRECT($AE81)) -> 0 | O81: =SUM(INDIRECT($AF81),INDIRECT($AG81),INDIRECT($AH81)) -> 0 | P81: =SUM(IF(AND(ISNUMBER(INDIRECT($AC81)),INDIRECT($AC81)>INDIRECT($AF81)),1,0),IF(AND(ISNUMBER(INDIRECT($AD81)),INDIRECT($AD81)>INDIRECT($AG81)),1,0),IF(AND(ISNUMBER(INDIRECT($AE81)),INDIRECT($AE81)>INDIRECT($AH81)),1,0)) -> 0 | Q81: =SUM(IF(AND(ISNUMBER(INDIRECT($AC81)),INDIRECT($AC81)=INDIRECT($AF81)),1,0),IF(AND(ISNUMBER(INDIRECT($AD81)),INDIRECT($AD81)=INDIRECT($AG81)),1,0),IF(AND(ISNUMBER(INDIRECT($AE81)),INDIRECT($AE81)=INDIRECT($AH81)),1,0)) -> 0 | R81: =SUM(IF(AND(ISNUMBER(INDIRECT($AC81)),INDIRECT($AC81)<INDIRECT($AF81)),1,0),IF(AND(ISNUMBER(INDIRECT($AD81)),INDIRECT($AD81)<INDIRECT($AG81)),1,0),IF(AND(ISNUMBER(INDIRECT($AE81)),INDIRECT($AE81)<INDIRECT($AH81)),1,0)) -> 0 | T81: =IF(NOT(AND(ISNUMBER(C81),ISNUMBER(E81))),"XXX","") -> XXX | U81: =SUM(Y81,Z81,AA81, AB81) -> 0 | Y81: =IF(AND(ISNUMBER(RESULTADOS!C81),ISNUMBER(RESULTADOS!E81),ISNUMBER(C81),ISNUMBER(E81),C81=RESULTADOS!C81,E81=RESULTADOS!E81),2,0) -> 0 | Z81: =IF(AND(ISNUMBER(RESULTADOS!C81),ISNUMBER(RESULTADOS!E81),ISNUMBER(C81),ISNUMBER(E81)),IF(OR(AND(C81>E81,RESULTADOS!C81>RESULTADOS!E81),AND(C81<E81,RESULTADOS!C81<RESULTADOS!E81)),1,IF(AND(C81=E81,RESULTADOS!C81=RESULTADOS!E81),2,0)),0) -> 0 | AA81: =IF(AND(ISNUMBER(RESULTADOS!C81),ISNUMBER(RESULTADOS!E81),ISNUMBER(C81),ISNUMBER(E81),AND(Z81=1,OR(C81=RESULTADOS!C81,E81=RESULTADOS!E81))),1,0) -> 0 | AB81: =IF( AND( ISNUMBER(RESULTADOS!C81), ISNUMBER(RESULTADOS!E81), ISNUMBER(C81), ISNUMBER(E81), AND(Z81=1,AA81=0,(RESULTADOS!C81-RESULTADOS!E81)=(C81-E81)) ), 1, 0 ) -> 0 | AC81: C78 | AD81: E79 | AE81: E82 | AF81: =IF(ISNUMBER(FIND("C", AC81, 1)), SUBSTITUTE(AC81, "C", "E"), SUBSTITUTE(AC81, "E", "C")) -> E78 | AG81: =IF(ISNUMBER(FIND("C", AD81, 1)), SUBSTITUTE(AD81, "C", "E"), SUBSTITUTE(AD81, "E", "C")) -> C79 | AH81: =IF(ISNUMBER(FIND("C", AE81, 1)), SUBSTITUTE(AE81, "C", "E"), SUBSTITUTE(AE81, "E", "C")) -> C82
B82: Argélia | D82: x | F82: Áustria | H82: 46200 | I82: 0.95833333 | T82: =IF(NOT(AND(ISNUMBER(C82),ISNUMBER(E82))),"XXX","") -> XXX | U82: =SUM(Y82,Z82,AA82, AB82) -> 0 | Y82: =IF(AND(ISNUMBER(RESULTADOS!C82),ISNUMBER(RESULTADOS!E82),ISNUMBER(C82),ISNUMBER(E82),C82=RESULTADOS!C82,E82=RESULTADOS!E82),2,0) -> 0 | Z82: =IF(AND(ISNUMBER(RESULTADOS!C82),ISNUMBER(RESULTADOS!E82),ISNUMBER(C82),ISNUMBER(E82)),IF(OR(AND(C82>E82,RESULTADOS!C82>RESULTADOS!E82),AND(C82<E82,RESULTADOS!C82<RESULTADOS!E82)),1,IF(AND(C82=E82,RESULTADOS!C82=RESULTADOS!E82),2,0)),0) -> 0 | AA82: =IF(AND(ISNUMBER(RESULTADOS!C82),ISNUMBER(RESULTADOS!E82),ISNUMBER(C82),ISNUMBER(E82),AND(Z82=1,OR(C82=RESULTADOS!C82,E82=RESULTADOS!E82))),1,0) -> 0 | AB82: =IF( AND( ISNUMBER(RESULTADOS!C82), ISNUMBER(RESULTADOS!E82), ISNUMBER(C82), ISNUMBER(E82), AND(Z82=1,AA82=0,(RESULTADOS!C82-RESULTADOS!E82)=(C82-E82)) ), 1, 0 ) -> 0
B84: GRUPO K | H84: DIA | I84: HORA
B85: Portugal | D85: x | F85: RD Congo | H85: 46190 | I85: 0.58333333 | L85: P | M85: SG | N85: GP | O85: GC | P85: V | Q85: E | R85: D | T85: =IF(NOT(AND(ISNUMBER(C85),ISNUMBER(E85))),"XXX","") -> XXX | U85: =SUM(Y85,Z85,AA85, AB85) -> 0 | Y85: =IF(AND(ISNUMBER(RESULTADOS!C85),ISNUMBER(RESULTADOS!E85),ISNUMBER(C85),ISNUMBER(E85),C85=RESULTADOS!C85,E85=RESULTADOS!E85),2,0) -> 0 | Z85: =IF(AND(ISNUMBER(RESULTADOS!C85),ISNUMBER(RESULTADOS!E85),ISNUMBER(C85),ISNUMBER(E85)),IF(OR(AND(C85>E85,RESULTADOS!C85>RESULTADOS!E85),AND(C85<E85,RESULTADOS!C85<RESULTADOS!E85)),1,IF(AND(C85=E85,RESULTADOS!C85=RESULTADOS!E85),2,0)),0) -> 0 | AA85: =IF(AND(ISNUMBER(RESULTADOS!C85),ISNUMBER(RESULTADOS!E85),ISNUMBER(C85),ISNUMBER(E85),AND(Z85=1,OR(C85=RESULTADOS!C85,E85=RESULTADOS!E85))),1,0) -> 0 | AB85: =IF( AND( ISNUMBER(RESULTADOS!C85), ISNUMBER(RESULTADOS!E85), ISNUMBER(C85), ISNUMBER(E85), AND(Z85=1,AA85=0,(RESULTADOS!C85-RESULTADOS!E85)=(C85-E85)) ), 1, 0 ) -> 0
B86: Uzbequistão | D86: x | F86: Colômbia | H86: 46190 | I86: 0.95833333 | K86: Colômbia | L86: =SUM(IF(AND(ISNUMBER(INDIRECT($AC86)),INDIRECT($AC86)>INDIRECT($AF86)),3,IF(AND(ISNUMBER(INDIRECT($AC86)),INDIRECT($AC86)=INDIRECT($AF86)),1,0)),IF(AND(ISNUMBER(INDIRECT($AD86)),INDIRECT($AD86)>INDIRECT($AG86)),3,IF(AND(ISNUMBER(INDIRECT($AD86)),INDIRECT($AD86)=INDIRECT($AG86)),1,0)),IF(AND(ISNUMBER(INDIRECT($AE86)),INDIRECT($AE86)>INDIRECT($AH86)),3,IF(AND(ISNUMBER(INDIRECT($AE86)),INDIRECT($AE86)=INDIRECT($AH86)),1,0))) -> 0 | M86: =N86-O86 -> 0 | N86: =SUM(INDIRECT($AC86),INDIRECT($AD86),INDIRECT($AE86)) -> 0 | O86: =SUM(INDIRECT($AF86),INDIRECT($AG86),INDIRECT($AH86)) -> 0 | P86: =SUM(IF(AND(ISNUMBER(INDIRECT($AC86)),INDIRECT($AC86)>INDIRECT($AF86)),1,0),IF(AND(ISNUMBER(INDIRECT($AD86)),INDIRECT($AD86)>INDIRECT($AG86)),1,0),IF(AND(ISNUMBER(INDIRECT($AE86)),INDIRECT($AE86)>INDIRECT($AH86)),1,0)) -> 0 | Q86: =SUM(IF(AND(ISNUMBER(INDIRECT($AC86)),INDIRECT($AC86)=INDIRECT($AF86)),1,0),IF(AND(ISNUMBER(INDIRECT($AD86)),INDIRECT($AD86)=INDIRECT($AG86)),1,0),IF(AND(ISNUMBER(INDIRECT($AE86)),INDIRECT($AE86)=INDIRECT($AH86)),1,0)) -> 0 | R86: =SUM(IF(AND(ISNUMBER(INDIRECT($AC86)),INDIRECT($AC86)<INDIRECT($AF86)),1,0),IF(AND(ISNUMBER(INDIRECT($AD86)),INDIRECT($AD86)<INDIRECT($AG86)),1,0),IF(AND(ISNUMBER(INDIRECT($AE86)),INDIRECT($AE86)<INDIRECT($AH86)),1,0)) -> 0 | T86: =IF(NOT(AND(ISNUMBER(C86),ISNUMBER(E86))),"XXX","") -> XXX | U86: =SUM(Y86,Z86,AA86, AB86) -> 0 | Y86: =IF(AND(ISNUMBER(RESULTADOS!C86),ISNUMBER(RESULTADOS!E86),ISNUMBER(C86),ISNUMBER(E86),C86=RESULTADOS!C86,E86=RESULTADOS!E86),2,0) -> 0 | Z86: =IF(AND(ISNUMBER(RESULTADOS!C86),ISNUMBER(RESULTADOS!E86),ISNUMBER(C86),ISNUMBER(E86)),IF(OR(AND(C86>E86,RESULTADOS!C86>RESULTADOS!E86),AND(C86<E86,RESULTADOS!C86<RESULTADOS!E86)),1,IF(AND(C86=E86,RESULTADOS!C86=RESULTADOS!E86),2,0)),0) -> 0 | AA86: =IF(AND(ISNUMBER(RESULTADOS!C86),ISNUMBER(RESULTADOS!E86),ISNUMBER(C86),ISNUMBER(E86),AND(Z86=1,OR(C86=RESULTADOS!C86,E86=RESULTADOS!E86))),1,0) -> 0 | AB86: =IF( AND( ISNUMBER(RESULTADOS!C86), ISNUMBER(RESULTADOS!E86), ISNUMBER(C86), ISNUMBER(E86), AND(Z86=1,AA86=0,(RESULTADOS!C86-RESULTADOS!E86)=(C86-E86)) ), 1, 0 ) -> 0 | AC86: E86 | AD86: C88 | AE86: C90 | AF86: =IF(ISNUMBER(FIND("C", AC86, 1)), SUBSTITUTE(AC86, "C", "E"), SUBSTITUTE(AC86, "E", "C")) -> C86 | AG86: =IF(ISNUMBER(FIND("C", AD86, 1)), SUBSTITUTE(AD86, "C", "E"), SUBSTITUTE(AD86, "E", "C")) -> E88 | AH86: =IF(ISNUMBER(FIND("C", AE86, 1)), SUBSTITUTE(AE86, "C", "E"), SUBSTITUTE(AE86, "E", "C")) -> E90
B87: Portugal | D87: x | F87: Uzbequistão | H87: 46196 | I87: 0.58333333 | K87: Portugal | L87: =SUM(IF(AND(ISNUMBER(INDIRECT($AC87)),INDIRECT($AC87)>INDIRECT($AF87)),3,IF(AND(ISNUMBER(INDIRECT($AC87)),INDIRECT($AC87)=INDIRECT($AF87)),1,0)),IF(AND(ISNUMBER(INDIRECT($AD87)),INDIRECT($AD87)>INDIRECT($AG87)),3,IF(AND(ISNUMBER(INDIRECT($AD87)),INDIRECT($AD87)=INDIRECT($AG87)),1,0)),IF(AND(ISNUMBER(INDIRECT($AE87)),INDIRECT($AE87)>INDIRECT($AH87)),3,IF(AND(ISNUMBER(INDIRECT($AE87)),INDIRECT($AE87)=INDIRECT($AH87)),1,0))) -> 0 | M87: =N87-O87 -> 0 | N87: =SUM(INDIRECT($AC87),INDIRECT($AD87),INDIRECT($AE87)) -> 0 | O87: =SUM(INDIRECT($AF87),INDIRECT($AG87),INDIRECT($AH87)) -> 0 | P87: =SUM(IF(AND(ISNUMBER(INDIRECT($AC87)),INDIRECT($AC87)>INDIRECT($AF87)),1,0),IF(AND(ISNUMBER(INDIRECT($AD87)),INDIRECT($AD87)>INDIRECT($AG87)),1,0),IF(AND(ISNUMBER(INDIRECT($AE87)),INDIRECT($AE87)>INDIRECT($AH87)),1,0)) -> 0 | Q87: =SUM(IF(AND(ISNUMBER(INDIRECT($AC87)),INDIRECT($AC87)=INDIRECT($AF87)),1,0),IF(AND(ISNUMBER(INDIRECT($AD87)),INDIRECT($AD87)=INDIRECT($AG87)),1,0),IF(AND(ISNUMBER(INDIRECT($AE87)),INDIRECT($AE87)=INDIRECT($AH87)),1,0)) -> 0 | R87: =SUM(IF(AND(ISNUMBER(INDIRECT($AC87)),INDIRECT($AC87)<INDIRECT($AF87)),1,0),IF(AND(ISNUMBER(INDIRECT($AD87)),INDIRECT($AD87)<INDIRECT($AG87)),1,0),IF(AND(ISNUMBER(INDIRECT($AE87)),INDIRECT($AE87)<INDIRECT($AH87)),1,0)) -> 0 | T87: =IF(NOT(AND(ISNUMBER(C87),ISNUMBER(E87))),"XXX","") -> XXX | U87: =SUM(Y87,Z87,AA87, AB87) -> 0 | Y87: =IF(AND(ISNUMBER(RESULTADOS!C87),ISNUMBER(RESULTADOS!E87),ISNUMBER(C87),ISNUMBER(E87),C87=RESULTADOS!C87,E87=RESULTADOS!E87),2,0) -> 0 | Z87: =IF(AND(ISNUMBER(RESULTADOS!C87),ISNUMBER(RESULTADOS!E87),ISNUMBER(C87),ISNUMBER(E87)),IF(OR(AND(C87>E87,RESULTADOS!C87>RESULTADOS!E87),AND(C87<E87,RESULTADOS!C87<RESULTADOS!E87)),1,IF(AND(C87=E87,RESULTADOS!C87=RESULTADOS!E87),2,0)),0) -> 0 | AA87: =IF(AND(ISNUMBER(RESULTADOS!C87),ISNUMBER(RESULTADOS!E87),ISNUMBER(C87),ISNUMBER(E87),AND(Z87=1,OR(C87=RESULTADOS!C87,E87=RESULTADOS!E87))),1,0) -> 0 | AB87: =IF( AND( ISNUMBER(RESULTADOS!C87), ISNUMBER(RESULTADOS!E87), ISNUMBER(C87), ISNUMBER(E87), AND(Z87=1,AA87=0,(RESULTADOS!C87-RESULTADOS!E87)=(C87-E87)) ), 1, 0 ) -> 0 | AC87: C85 | AD87: C87 | AE87: E90 | AF87: =IF(ISNUMBER(FIND("C", AC87, 1)), SUBSTITUTE(AC87, "C", "E"), SUBSTITUTE(AC87, "E", "C")) -> E85 | AG87: =IF(ISNUMBER(FIND("C", AD87, 1)), SUBSTITUTE(AD87, "C", "E"), SUBSTITUTE(AD87, "E", "C")) -> E87 | AH87: =IF(ISNUMBER(FIND("C", AE87, 1)), SUBSTITUTE(AE87, "C", "E"), SUBSTITUTE(AE87, "E", "C")) -> C90
B88: Colômbia | D88: x | F88: RD Congo | H88: 46196 | I88: 0.95833333 | K88: RD Congo | L88: =SUM(IF(AND(ISNUMBER(INDIRECT($AC88)),INDIRECT($AC88)>INDIRECT($AF88)),3,IF(AND(ISNUMBER(INDIRECT($AC88)),INDIRECT($AC88)=INDIRECT($AF88)),1,0)),IF(AND(ISNUMBER(INDIRECT($AD88)),INDIRECT($AD88)>INDIRECT($AG88)),3,IF(AND(ISNUMBER(INDIRECT($AD88)),INDIRECT($AD88)=INDIRECT($AG88)),1,0)),IF(AND(ISNUMBER(INDIRECT($AE88)),INDIRECT($AE88)>INDIRECT($AH88)),3,IF(AND(ISNUMBER(INDIRECT($AE88)),INDIRECT($AE88)=INDIRECT($AH88)),1,0))) -> 0 | M88: =N88-O88 -> 0 | N88: =SUM(INDIRECT($AC88),INDIRECT($AD88),INDIRECT($AE88)) -> 0 | O88: =SUM(INDIRECT($AF88),INDIRECT($AG88),INDIRECT($AH88)) -> 0 | P88: =SUM(IF(AND(ISNUMBER(INDIRECT($AC88)),INDIRECT($AC88)>INDIRECT($AF88)),1,0),IF(AND(ISNUMBER(INDIRECT($AD88)),INDIRECT($AD88)>INDIRECT($AG88)),1,0),IF(AND(ISNUMBER(INDIRECT($AE88)),INDIRECT($AE88)>INDIRECT($AH88)),1,0)) -> 0 | Q88: =SUM(IF(AND(ISNUMBER(INDIRECT($AC88)),INDIRECT($AC88)=INDIRECT($AF88)),1,0),IF(AND(ISNUMBER(INDIRECT($AD88)),INDIRECT($AD88)=INDIRECT($AG88)),1,0),IF(AND(ISNUMBER(INDIRECT($AE88)),INDIRECT($AE88)=INDIRECT($AH88)),1,0)) -> 0 | R88: =SUM(IF(AND(ISNUMBER(INDIRECT($AC88)),INDIRECT($AC88)<INDIRECT($AF88)),1,0),IF(AND(ISNUMBER(INDIRECT($AD88)),INDIRECT($AD88)<INDIRECT($AG88)),1,0),IF(AND(ISNUMBER(INDIRECT($AE88)),INDIRECT($AE88)<INDIRECT($AH88)),1,0)) -> 0 | T88: =IF(NOT(AND(ISNUMBER(C88),ISNUMBER(E88))),"XXX","") -> XXX | U88: =SUM(Y88,Z88,AA88, AB88) -> 0 | Y88: =IF(AND(ISNUMBER(RESULTADOS!C88),ISNUMBER(RESULTADOS!E88),ISNUMBER(C88),ISNUMBER(E88),C88=RESULTADOS!C88,E88=RESULTADOS!E88),2,0) -> 0 | Z88: =IF(AND(ISNUMBER(RESULTADOS!C88),ISNUMBER(RESULTADOS!E88),ISNUMBER(C88),ISNUMBER(E88)),IF(OR(AND(C88>E88,RESULTADOS!C88>RESULTADOS!E88),AND(C88<E88,RESULTADOS!C88<RESULTADOS!E88)),1,IF(AND(C88=E88,RESULTADOS!C88=RESULTADOS!E88),2,0)),0) -> 0 | AA88: =IF(AND(ISNUMBER(RESULTADOS!C88),ISNUMBER(RESULTADOS!E88),ISNUMBER(C88),ISNUMBER(E88),AND(Z88=1,OR(C88=RESULTADOS!C88,E88=RESULTADOS!E88))),1,0) -> 0 | AB88: =IF( AND( ISNUMBER(RESULTADOS!C88), ISNUMBER(RESULTADOS!E88), ISNUMBER(C88), ISNUMBER(E88), AND(Z88=1,AA88=0,(RESULTADOS!C88-RESULTADOS!E88)=(C88-E88)) ), 1, 0 ) -> 0 | AC88: E85 | AD88: E88 | AE88: C89 | AF88: =IF(ISNUMBER(FIND("C", AC88, 1)), SUBSTITUTE(AC88, "C", "E"), SUBSTITUTE(AC88, "E", "C")) -> C85 | AG88: =IF(ISNUMBER(FIND("C", AD88, 1)), SUBSTITUTE(AD88, "C", "E"), SUBSTITUTE(AD88, "E", "C")) -> C88 | AH88: =IF(ISNUMBER(FIND("C", AE88, 1)), SUBSTITUTE(AE88, "C", "E"), SUBSTITUTE(AE88, "E", "C")) -> E89
B89: RD Congo | D89: x | F89: Uzbequistão | H89: 46200 | I89: 0.85416667 | K89: Uzbequistão | L89: =SUM(IF(AND(ISNUMBER(INDIRECT($AC89)),INDIRECT($AC89)>INDIRECT($AF89)),3,IF(AND(ISNUMBER(INDIRECT($AC89)),INDIRECT($AC89)=INDIRECT($AF89)),1,0)),IF(AND(ISNUMBER(INDIRECT($AD89)),INDIRECT($AD89)>INDIRECT($AG89)),3,IF(AND(ISNUMBER(INDIRECT($AD89)),INDIRECT($AD89)=INDIRECT($AG89)),1,0)),IF(AND(ISNUMBER(INDIRECT($AE89)),INDIRECT($AE89)>INDIRECT($AH89)),3,IF(AND(ISNUMBER(INDIRECT($AE89)),INDIRECT($AE89)=INDIRECT($AH89)),1,0))) -> 0 | M89: =N89-O89 -> 0 | N89: =SUM(INDIRECT($AC89),INDIRECT($AD89),INDIRECT($AE89)) -> 0 | O89: =SUM(INDIRECT($AF89),INDIRECT($AG89),INDIRECT($AH89)) -> 0 | P89: =SUM(IF(AND(ISNUMBER(INDIRECT($AC89)),INDIRECT($AC89)>INDIRECT($AF89)),1,0),IF(AND(ISNUMBER(INDIRECT($AD89)),INDIRECT($AD89)>INDIRECT($AG89)),1,0),IF(AND(ISNUMBER(INDIRECT($AE89)),INDIRECT($AE89)>INDIRECT($AH89)),1,0)) -> 0 | Q89: =SUM(IF(AND(ISNUMBER(INDIRECT($AC89)),INDIRECT($AC89)=INDIRECT($AF89)),1,0),IF(AND(ISNUMBER(INDIRECT($AD89)),INDIRECT($AD89)=INDIRECT($AG89)),1,0),IF(AND(ISNUMBER(INDIRECT($AE89)),INDIRECT($AE89)=INDIRECT($AH89)),1,0)) -> 0 | R89: =SUM(IF(AND(ISNUMBER(INDIRECT($AC89)),INDIRECT($AC89)<INDIRECT($AF89)),1,0),IF(AND(ISNUMBER(INDIRECT($AD89)),INDIRECT($AD89)<INDIRECT($AG89)),1,0),IF(AND(ISNUMBER(INDIRECT($AE89)),INDIRECT($AE89)<INDIRECT($AH89)),1,0)) -> 0 | T89: =IF(NOT(AND(ISNUMBER(C89),ISNUMBER(E89))),"XXX","") -> XXX | U89: =SUM(Y89,Z89,AA89, AB89) -> 0 | Y89: =IF(AND(ISNUMBER(RESULTADOS!C89),ISNUMBER(RESULTADOS!E89),ISNUMBER(C89),ISNUMBER(E89),C89=RESULTADOS!C89,E89=RESULTADOS!E89),2,0) -> 0 | Z89: =IF(AND(ISNUMBER(RESULTADOS!C89),ISNUMBER(RESULTADOS!E89),ISNUMBER(C89),ISNUMBER(E89)),IF(OR(AND(C89>E89,RESULTADOS!C89>RESULTADOS!E89),AND(C89<E89,RESULTADOS!C89<RESULTADOS!E89)),1,IF(AND(C89=E89,RESULTADOS!C89=RESULTADOS!E89),2,0)),0) -> 0 | AA89: =IF(AND(ISNUMBER(RESULTADOS!C89),ISNUMBER(RESULTADOS!E89),ISNUMBER(C89),ISNUMBER(E89),AND(Z89=1,OR(C89=RESULTADOS!C89,E89=RESULTADOS!E89))),1,0) -> 0 | AB89: =IF( AND( ISNUMBER(RESULTADOS!C89), ISNUMBER(RESULTADOS!E89), ISNUMBER(C89), ISNUMBER(E89), AND(Z89=1,AA89=0,(RESULTADOS!C89-RESULTADOS!E89)=(C89-E89)) ), 1, 0 ) -> 0 | AC89: C86 | AD89: E87 | AE89: E89 | AF89: =IF(ISNUMBER(FIND("C", AC89, 1)), SUBSTITUTE(AC89, "C", "E"), SUBSTITUTE(AC89, "E", "C")) -> E86 | AG89: =IF(ISNUMBER(FIND("C", AD89, 1)), SUBSTITUTE(AD89, "C", "E"), SUBSTITUTE(AD89, "E", "C")) -> C87 | AH89: =IF(ISNUMBER(FIND("C", AE89, 1)), SUBSTITUTE(AE89, "C", "E"), SUBSTITUTE(AE89, "E", "C")) -> C89
B90: Colômbia | D90: x | F90: Portugal | H90: 46200 | I90: 0.85416667 | T90: =IF(NOT(AND(ISNUMBER(C90),ISNUMBER(E90))),"XXX","") -> XXX | U90: =SUM(Y90,Z90,AA90, AB90) -> 0 | Y90: =IF(AND(ISNUMBER(RESULTADOS!C90),ISNUMBER(RESULTADOS!E90),ISNUMBER(C90),ISNUMBER(E90),C90=RESULTADOS!C90,E90=RESULTADOS!E90),2,0) -> 0 | Z90: =IF(AND(ISNUMBER(RESULTADOS!C90),ISNUMBER(RESULTADOS!E90),ISNUMBER(C90),ISNUMBER(E90)),IF(OR(AND(C90>E90,RESULTADOS!C90>RESULTADOS!E90),AND(C90<E90,RESULTADOS!C90<RESULTADOS!E90)),1,IF(AND(C90=E90,RESULTADOS!C90=RESULTADOS!E90),2,0)),0) -> 0 | AA90: =IF(AND(ISNUMBER(RESULTADOS!C90),ISNUMBER(RESULTADOS!E90),ISNUMBER(C90),ISNUMBER(E90),AND(Z90=1,OR(C90=RESULTADOS!C90,E90=RESULTADOS!E90))),1,0) -> 0 | AB90: =IF( AND( ISNUMBER(RESULTADOS!C90), ISNUMBER(RESULTADOS!E90), ISNUMBER(C90), ISNUMBER(E90), AND(Z90=1,AA90=0,(RESULTADOS!C90-RESULTADOS!E90)=(C90-E90)) ), 1, 0 ) -> 0
B92: GRUPO L | H92: DIA | I92: HORA
B93: Inglaterra | D93: x | F93: Croácia | H93: 46190 | I93: 0.70833333 | L93: P | M93: SG | N93: GP | O93: GC | P93: V | Q93: E | R93: D | T93: =IF(NOT(AND(ISNUMBER(C93),ISNUMBER(E93))),"XXX","") -> XXX | U93: =SUM(Y93,Z93,AA93, AB93) -> 0 | Y93: =IF(AND(ISNUMBER(RESULTADOS!C93),ISNUMBER(RESULTADOS!E93),ISNUMBER(C93),ISNUMBER(E93),C93=RESULTADOS!C93,E93=RESULTADOS!E93),2,0) -> 0 | Z93: =IF(AND(ISNUMBER(RESULTADOS!C93),ISNUMBER(RESULTADOS!E93),ISNUMBER(C93),ISNUMBER(E93)),IF(OR(AND(C93>E93,RESULTADOS!C93>RESULTADOS!E93),AND(C93<E93,RESULTADOS!C93<RESULTADOS!E93)),1,IF(AND(C93=E93,RESULTADOS!C93=RESULTADOS!E93),2,0)),0) -> 0 | AA93: =IF(AND(ISNUMBER(RESULTADOS!C93),ISNUMBER(RESULTADOS!E93),ISNUMBER(C93),ISNUMBER(E93),AND(Z93=1,OR(C93=RESULTADOS!C93,E93=RESULTADOS!E93))),1,0) -> 0 | AB93: =IF( AND( ISNUMBER(RESULTADOS!C93), ISNUMBER(RESULTADOS!E93), ISNUMBER(C93), ISNUMBER(E93), AND(Z93=1,AA93=0,(RESULTADOS!C93-RESULTADOS!E93)=(C93-E93)) ), 1, 0 ) -> 0
B94: Gana | D94: x | F94: Panamá | H94: 46190 | I94: 0.83333333 | K94: Croácia | L94: =SUM(IF(AND(ISNUMBER(INDIRECT($AC94)),INDIRECT($AC94)>INDIRECT($AF94)),3,IF(AND(ISNUMBER(INDIRECT($AC94)),INDIRECT($AC94)=INDIRECT($AF94)),1,0)),IF(AND(ISNUMBER(INDIRECT($AD94)),INDIRECT($AD94)>INDIRECT($AG94)),3,IF(AND(ISNUMBER(INDIRECT($AD94)),INDIRECT($AD94)=INDIRECT($AG94)),1,0)),IF(AND(ISNUMBER(INDIRECT($AE94)),INDIRECT($AE94)>INDIRECT($AH94)),3,IF(AND(ISNUMBER(INDIRECT($AE94)),INDIRECT($AE94)=INDIRECT($AH94)),1,0))) -> 0 | M94: =N94-O94 -> 0 | N94: =SUM(INDIRECT($AC94),INDIRECT($AD94),INDIRECT($AE94)) -> 0 | O94: =SUM(INDIRECT($AF94),INDIRECT($AG94),INDIRECT($AH94)) -> 0 | P94: =SUM(IF(AND(ISNUMBER(INDIRECT($AC94)),INDIRECT($AC94)>INDIRECT($AF94)),1,0),IF(AND(ISNUMBER(INDIRECT($AD94)),INDIRECT($AD94)>INDIRECT($AG94)),1,0),IF(AND(ISNUMBER(INDIRECT($AE94)),INDIRECT($AE94)>INDIRECT($AH94)),1,0)) -> 0 | Q94: =SUM(IF(AND(ISNUMBER(INDIRECT($AC94)),INDIRECT($AC94)=INDIRECT($AF94)),1,0),IF(AND(ISNUMBER(INDIRECT($AD94)),INDIRECT($AD94)=INDIRECT($AG94)),1,0),IF(AND(ISNUMBER(INDIRECT($AE94)),INDIRECT($AE94)=INDIRECT($AH94)),1,0)) -> 0 | R94: =SUM(IF(AND(ISNUMBER(INDIRECT($AC94)),INDIRECT($AC94)<INDIRECT($AF94)),1,0),IF(AND(ISNUMBER(INDIRECT($AD94)),INDIRECT($AD94)<INDIRECT($AG94)),1,0),IF(AND(ISNUMBER(INDIRECT($AE94)),INDIRECT($AE94)<INDIRECT($AH94)),1,0)) -> 0 | T94: =IF(NOT(AND(ISNUMBER(C94),ISNUMBER(E94))),"XXX","") -> XXX | U94: =SUM(Y94,Z94,AA94, AB94) -> 0 | Y94: =IF(AND(ISNUMBER(RESULTADOS!C94),ISNUMBER(RESULTADOS!E94),ISNUMBER(C94),ISNUMBER(E94),C94=RESULTADOS!C94,E94=RESULTADOS!E94),2,0) -> 0 | Z94: =IF(AND(ISNUMBER(RESULTADOS!C94),ISNUMBER(RESULTADOS!E94),ISNUMBER(C94),ISNUMBER(E94)),IF(OR(AND(C94>E94,RESULTADOS!C94>RESULTADOS!E94),AND(C94<E94,RESULTADOS!C94<RESULTADOS!E94)),1,IF(AND(C94=E94,RESULTADOS!C94=RESULTADOS!E94),2,0)),0) -> 0 | AA94: =IF(AND(ISNUMBER(RESULTADOS!C94),ISNUMBER(RESULTADOS!E94),ISNUMBER(C94),ISNUMBER(E94),AND(Z94=1,OR(C94=RESULTADOS!C94,E94=RESULTADOS!E94))),1,0) -> 0 | AB94: =IF( AND( ISNUMBER(RESULTADOS!C94), ISNUMBER(RESULTADOS!E94), ISNUMBER(C94), ISNUMBER(E94), AND(Z94=1,AA94=0,(RESULTADOS!C94-RESULTADOS!E94)=(C94-E94)) ), 1, 0 ) -> 0 | AC94: E93 | AD94: E96 | AE94: C97 | AF94: =IF(ISNUMBER(FIND("C", AC94, 1)), SUBSTITUTE(AC94, "C", "E"), SUBSTITUTE(AC94, "E", "C")) -> C93 | AG94: =IF(ISNUMBER(FIND("C", AD94, 1)), SUBSTITUTE(AD94, "C", "E"), SUBSTITUTE(AD94, "E", "C")) -> C96 | AH94: =IF(ISNUMBER(FIND("C", AE94, 1)), SUBSTITUTE(AE94, "C", "E"), SUBSTITUTE(AE94, "E", "C")) -> E97
B95: Inglaterra | D95: x | F95: Gana | H95: 46196 | I95: 0.70833333 | K95: Gana | L95: =SUM(IF(AND(ISNUMBER(INDIRECT($AC95)),INDIRECT($AC95)>INDIRECT($AF95)),3,IF(AND(ISNUMBER(INDIRECT($AC95)),INDIRECT($AC95)=INDIRECT($AF95)),1,0)),IF(AND(ISNUMBER(INDIRECT($AD95)),INDIRECT($AD95)>INDIRECT($AG95)),3,IF(AND(ISNUMBER(INDIRECT($AD95)),INDIRECT($AD95)=INDIRECT($AG95)),1,0)),IF(AND(ISNUMBER(INDIRECT($AE95)),INDIRECT($AE95)>INDIRECT($AH95)),3,IF(AND(ISNUMBER(INDIRECT($AE95)),INDIRECT($AE95)=INDIRECT($AH95)),1,0))) -> 0 | M95: =N95-O95 -> 0 | N95: =SUM(INDIRECT($AC95),INDIRECT($AD95),INDIRECT($AE95)) -> 0 | O95: =SUM(INDIRECT($AF95),INDIRECT($AG95),INDIRECT($AH95)) -> 0 | P95: =SUM(IF(AND(ISNUMBER(INDIRECT($AC95)),INDIRECT($AC95)>INDIRECT($AF95)),1,0),IF(AND(ISNUMBER(INDIRECT($AD95)),INDIRECT($AD95)>INDIRECT($AG95)),1,0),IF(AND(ISNUMBER(INDIRECT($AE95)),INDIRECT($AE95)>INDIRECT($AH95)),1,0)) -> 0 | Q95: =SUM(IF(AND(ISNUMBER(INDIRECT($AC95)),INDIRECT($AC95)=INDIRECT($AF95)),1,0),IF(AND(ISNUMBER(INDIRECT($AD95)),INDIRECT($AD95)=INDIRECT($AG95)),1,0),IF(AND(ISNUMBER(INDIRECT($AE95)),INDIRECT($AE95)=INDIRECT($AH95)),1,0)) -> 0 | R95: =SUM(IF(AND(ISNUMBER(INDIRECT($AC95)),INDIRECT($AC95)<INDIRECT($AF95)),1,0),IF(AND(ISNUMBER(INDIRECT($AD95)),INDIRECT($AD95)<INDIRECT($AG95)),1,0),IF(AND(ISNUMBER(INDIRECT($AE95)),INDIRECT($AE95)<INDIRECT($AH95)),1,0)) -> 0 | T95: =IF(NOT(AND(ISNUMBER(C95),ISNUMBER(E95))),"XXX","") -> XXX | U95: =SUM(Y95,Z95,AA95, AB95) -> 0 | Y95: =IF(AND(ISNUMBER(RESULTADOS!C95),ISNUMBER(RESULTADOS!E95),ISNUMBER(C95),ISNUMBER(E95),C95=RESULTADOS!C95,E95=RESULTADOS!E95),2,0) -> 0 | Z95: =IF(AND(ISNUMBER(RESULTADOS!C95),ISNUMBER(RESULTADOS!E95),ISNUMBER(C95),ISNUMBER(E95)),IF(OR(AND(C95>E95,RESULTADOS!C95>RESULTADOS!E95),AND(C95<E95,RESULTADOS!C95<RESULTADOS!E95)),1,IF(AND(C95=E95,RESULTADOS!C95=RESULTADOS!E95),2,0)),0) -> 0 | AA95: =IF(AND(ISNUMBER(RESULTADOS!C95),ISNUMBER(RESULTADOS!E95),ISNUMBER(C95),ISNUMBER(E95),AND(Z95=1,OR(C95=RESULTADOS!C95,E95=RESULTADOS!E95))),1,0) -> 0 | AB95: =IF( AND( ISNUMBER(RESULTADOS!C95), ISNUMBER(RESULTADOS!E95), ISNUMBER(C95), ISNUMBER(E95), AND(Z95=1,AA95=0,(RESULTADOS!C95-RESULTADOS!E95)=(C95-E95)) ), 1, 0 ) -> 0 | AC95: C94 | AD95: E95 | AE95: E97 | AF95: =IF(ISNUMBER(FIND("C", AC95, 1)), SUBSTITUTE(AC95, "C", "E"), SUBSTITUTE(AC95, "E", "C")) -> E94 | AG95: =IF(ISNUMBER(FIND("C", AD95, 1)), SUBSTITUTE(AD95, "C", "E"), SUBSTITUTE(AD95, "E", "C")) -> C95 | AH95: =IF(ISNUMBER(FIND("C", AE95, 1)), SUBSTITUTE(AE95, "C", "E"), SUBSTITUTE(AE95, "E", "C")) -> C97
B96: Panamá | D96: x | F96: Croácia | H96: 46196 | I96: 0.83333333 | K96: Inglaterra | L96: =SUM(IF(AND(ISNUMBER(INDIRECT($AC96)),INDIRECT($AC96)>INDIRECT($AF96)),3,IF(AND(ISNUMBER(INDIRECT($AC96)),INDIRECT($AC96)=INDIRECT($AF96)),1,0)),IF(AND(ISNUMBER(INDIRECT($AD96)),INDIRECT($AD96)>INDIRECT($AG96)),3,IF(AND(ISNUMBER(INDIRECT($AD96)),INDIRECT($AD96)=INDIRECT($AG96)),1,0)),IF(AND(ISNUMBER(INDIRECT($AE96)),INDIRECT($AE96)>INDIRECT($AH96)),3,IF(AND(ISNUMBER(INDIRECT($AE96)),INDIRECT($AE96)=INDIRECT($AH96)),1,0))) -> 0 | M96: =N96-O96 -> 0 | N96: =SUM(INDIRECT($AC96),INDIRECT($AD96),INDIRECT($AE96)) -> 0 | O96: =SUM(INDIRECT($AF96),INDIRECT($AG96),INDIRECT($AH96)) -> 0 | P96: =SUM(IF(AND(ISNUMBER(INDIRECT($AC96)),INDIRECT($AC96)>INDIRECT($AF96)),1,0),IF(AND(ISNUMBER(INDIRECT($AD96)),INDIRECT($AD96)>INDIRECT($AG96)),1,0),IF(AND(ISNUMBER(INDIRECT($AE96)),INDIRECT($AE96)>INDIRECT($AH96)),1,0)) -> 0 | Q96: =SUM(IF(AND(ISNUMBER(INDIRECT($AC96)),INDIRECT($AC96)=INDIRECT($AF96)),1,0),IF(AND(ISNUMBER(INDIRECT($AD96)),INDIRECT($AD96)=INDIRECT($AG96)),1,0),IF(AND(ISNUMBER(INDIRECT($AE96)),INDIRECT($AE96)=INDIRECT($AH96)),1,0)) -> 0 | R96: =SUM(IF(AND(ISNUMBER(INDIRECT($AC96)),INDIRECT($AC96)<INDIRECT($AF96)),1,0),IF(AND(ISNUMBER(INDIRECT($AD96)),INDIRECT($AD96)<INDIRECT($AG96)),1,0),IF(AND(ISNUMBER(INDIRECT($AE96)),INDIRECT($AE96)<INDIRECT($AH96)),1,0)) -> 0 | T96: =IF(NOT(AND(ISNUMBER(C96),ISNUMBER(E96))),"XXX","") -> XXX | U96: =SUM(Y96,Z96,AA96, AB96) -> 0 | Y96: =IF(AND(ISNUMBER(RESULTADOS!C96),ISNUMBER(RESULTADOS!E96),ISNUMBER(C96),ISNUMBER(E96),C96=RESULTADOS!C96,E96=RESULTADOS!E96),2,0) -> 0 | Z96: =IF(AND(ISNUMBER(RESULTADOS!C96),ISNUMBER(RESULTADOS!E96),ISNUMBER(C96),ISNUMBER(E96)),IF(OR(AND(C96>E96,RESULTADOS!C96>RESULTADOS!E96),AND(C96<E96,RESULTADOS!C96<RESULTADOS!E96)),1,IF(AND(C96=E96,RESULTADOS!C96=RESULTADOS!E96),2,0)),0) -> 0 | AA96: =IF(AND(ISNUMBER(RESULTADOS!C96),ISNUMBER(RESULTADOS!E96),ISNUMBER(C96),ISNUMBER(E96),AND(Z96=1,OR(C96=RESULTADOS!C96,E96=RESULTADOS!E96))),1,0) -> 0 | AB96: =IF( AND( ISNUMBER(RESULTADOS!C96), ISNUMBER(RESULTADOS!E96), ISNUMBER(C96), ISNUMBER(E96), AND(Z96=1,AA96=0,(RESULTADOS!C96-RESULTADOS!E96)=(C96-E96)) ), 1, 0 ) -> 0 | AC96: C93 | AD96: C95 | AE96: E98 | AF96: =IF(ISNUMBER(FIND("C", AC96, 1)), SUBSTITUTE(AC96, "C", "E"), SUBSTITUTE(AC96, "E", "C")) -> E93 | AG96: =IF(ISNUMBER(FIND("C", AD96, 1)), SUBSTITUTE(AD96, "C", "E"), SUBSTITUTE(AD96, "E", "C")) -> E95 | AH96: =IF(ISNUMBER(FIND("C", AE96, 1)), SUBSTITUTE(AE96, "C", "E"), SUBSTITUTE(AE96, "E", "C")) -> C98
B97: Croácia | D97: x | F97: Gana | H97: 46200 | I97: 0.75 | K97: Panamá | L97: =SUM(IF(AND(ISNUMBER(INDIRECT($AC97)),INDIRECT($AC97)>INDIRECT($AF97)),3,IF(AND(ISNUMBER(INDIRECT($AC97)),INDIRECT($AC97)=INDIRECT($AF97)),1,0)),IF(AND(ISNUMBER(INDIRECT($AD97)),INDIRECT($AD97)>INDIRECT($AG97)),3,IF(AND(ISNUMBER(INDIRECT($AD97)),INDIRECT($AD97)=INDIRECT($AG97)),1,0)),IF(AND(ISNUMBER(INDIRECT($AE97)),INDIRECT($AE97)>INDIRECT($AH97)),3,IF(AND(ISNUMBER(INDIRECT($AE97)),INDIRECT($AE97)=INDIRECT($AH97)),1,0))) -> 0 | M97: =N97-O97 -> 0 | N97: =SUM(INDIRECT($AC97),INDIRECT($AD97),INDIRECT($AE97)) -> 0 | O97: =SUM(INDIRECT($AF97),INDIRECT($AG97),INDIRECT($AH97)) -> 0 | P97: =SUM(IF(AND(ISNUMBER(INDIRECT($AC97)),INDIRECT($AC97)>INDIRECT($AF97)),1,0),IF(AND(ISNUMBER(INDIRECT($AD97)),INDIRECT($AD97)>INDIRECT($AG97)),1,0),IF(AND(ISNUMBER(INDIRECT($AE97)),INDIRECT($AE97)>INDIRECT($AH97)),1,0)) -> 0 | Q97: =SUM(IF(AND(ISNUMBER(INDIRECT($AC97)),INDIRECT($AC97)=INDIRECT($AF97)),1,0),IF(AND(ISNUMBER(INDIRECT($AD97)),INDIRECT($AD97)=INDIRECT($AG97)),1,0),IF(AND(ISNUMBER(INDIRECT($AE97)),INDIRECT($AE97)=INDIRECT($AH97)),1,0)) -> 0 | R97: =SUM(IF(AND(ISNUMBER(INDIRECT($AC97)),INDIRECT($AC97)<INDIRECT($AF97)),1,0),IF(AND(ISNUMBER(INDIRECT($AD97)),INDIRECT($AD97)<INDIRECT($AG97)),1,0),IF(AND(ISNUMBER(INDIRECT($AE97)),INDIRECT($AE97)<INDIRECT($AH97)),1,0)) -> 0 | T97: =IF(NOT(AND(ISNUMBER(C97),ISNUMBER(E97))),"XXX","") -> XXX | U97: =SUM(Y97,Z97,AA97, AB97) -> 0 | Y97: =IF(AND(ISNUMBER(RESULTADOS!C97),ISNUMBER(RESULTADOS!E97),ISNUMBER(C97),ISNUMBER(E97),C97=RESULTADOS!C97,E97=RESULTADOS!E97),2,0) -> 0 | Z97: =IF(AND(ISNUMBER(RESULTADOS!C97),ISNUMBER(RESULTADOS!E97),ISNUMBER(C97),ISNUMBER(E97)),IF(OR(AND(C97>E97,RESULTADOS!C97>RESULTADOS!E97),AND(C97<E97,RESULTADOS!C97<RESULTADOS!E97)),1,IF(AND(C97=E97,RESULTADOS!C97=RESULTADOS!E97),2,0)),0) -> 0 | AA97: =IF(AND(ISNUMBER(RESULTADOS!C97),ISNUMBER(RESULTADOS!E97),ISNUMBER(C97),ISNUMBER(E97),AND(Z97=1,OR(C97=RESULTADOS!C97,E97=RESULTADOS!E97))),1,0) -> 0 | AB97: =IF( AND( ISNUMBER(RESULTADOS!C97), ISNUMBER(RESULTADOS!E97), ISNUMBER(C97), ISNUMBER(E97), AND(Z97=1,AA97=0,(RESULTADOS!C97-RESULTADOS!E97)=(C97-E97)) ), 1, 0 ) -> 0 | AC97: E94 | AD97: C96 | AE97: C98 | AF97: =IF(ISNUMBER(FIND("C", AC97, 1)), SUBSTITUTE(AC97, "C", "E"), SUBSTITUTE(AC97, "E", "C")) -> C94 | AG97: =IF(ISNUMBER(FIND("C", AD97, 1)), SUBSTITUTE(AD97, "C", "E"), SUBSTITUTE(AD97, "E", "C")) -> E96 | AH97: =IF(ISNUMBER(FIND("C", AE97, 1)), SUBSTITUTE(AE97, "C", "E"), SUBSTITUTE(AE97, "E", "C")) -> E98
B98: Panamá | D98: x | F98: Inglaterra | H98: 46200 | I98: 0.75 | T98: =IF(NOT(AND(ISNUMBER(C98),ISNUMBER(E98))),"XXX","") -> XXX | U98: =SUM(Y98,Z98,AA98, AB98) -> 0 | Y98: =IF(AND(ISNUMBER(RESULTADOS!C98),ISNUMBER(RESULTADOS!E98),ISNUMBER(C98),ISNUMBER(E98),C98=RESULTADOS!C98,E98=RESULTADOS!E98),2,0) -> 0 | Z98: =IF(AND(ISNUMBER(RESULTADOS!C98),ISNUMBER(RESULTADOS!E98),ISNUMBER(C98),ISNUMBER(E98)),IF(OR(AND(C98>E98,RESULTADOS!C98>RESULTADOS!E98),AND(C98<E98,RESULTADOS!C98<RESULTADOS!E98)),1,IF(AND(C98=E98,RESULTADOS!C98=RESULTADOS!E98),2,0)),0) -> 0 | AA98: =IF(AND(ISNUMBER(RESULTADOS!C98),ISNUMBER(RESULTADOS!E98),ISNUMBER(C98),ISNUMBER(E98),AND(Z98=1,OR(C98=RESULTADOS!C98,E98=RESULTADOS!E98))),1,0) -> 0 | AB98: =IF( AND( ISNUMBER(RESULTADOS!C98), ISNUMBER(RESULTADOS!E98), ISNUMBER(C98), ISNUMBER(E98), AND(Z98=1,AA98=0,(RESULTADOS!C98-RESULTADOS!E98)=(C98-E98)) ), 1, 0 ) -> 0

Sheet RESULTADOS
B2: RESULTADOS | H2: DATA | K2: CLASSIFICAÇÃO
B4: GRUPO A | H4: DIA | I4: HORA | L4: P | M4: SG | N4: GP | O4: GC | P4: V | Q4: E | R4: D
B5: =APOSTAS!B5 -> México | C5: 2 | D5: =APOSTAS!D5 -> x | E5: 0 | F5: =APOSTAS!F5 -> África do Sul | H5: 46184 | I5: 0.66666667 | K5: =APOSTAS!K6 -> Coreia do Sul | L5: =SUM(IF(AND(ISNUMBER(INDIRECT($U5)),INDIRECT($U5)>INDIRECT($X5)),3,IF(AND(ISNUMBER(INDIRECT($U5)),INDIRECT($U5)=INDIRECT($X5)),1,0)),IF(AND(ISNUMBER(INDIRECT($V5)),INDIRECT($V5)>INDIRECT($Y5)),3,IF(AND(ISNUMBER(INDIRECT($V5)),INDIRECT($V5)=INDIRECT($Y5)),1,0)),IF(AND(ISNUMBER(INDIRECT($W5)),INDIRECT($W5)>INDIRECT($Z5)),3,IF(AND(ISNUMBER(INDIRECT($W5)),INDIRECT($W5)=INDIRECT($Z5)),1,0))) -> 3 | M5: =N5-O5 -> 1 | N5: =SUM(INDIRECT($U5),INDIRECT($V5),INDIRECT($W5)) -> 2 | O5: =SUM(INDIRECT($X5),INDIRECT($Y5),INDIRECT($Z5)) -> 1 | P5: =SUM(IF(AND(ISNUMBER(INDIRECT($U5)),INDIRECT($U5)>INDIRECT($X5)),1,0),IF(AND(ISNUMBER(INDIRECT($V5)),INDIRECT($V5)>INDIRECT($Y5)),1,0),IF(AND(ISNUMBER(INDIRECT($W5)),INDIRECT($W5)>INDIRECT($Z5)),1,0)) -> 1 | Q5: =SUM(IF(AND(ISNUMBER(INDIRECT($U5)),INDIRECT($U5)=INDIRECT($X5)),1,0),IF(AND(ISNUMBER(INDIRECT($V5)),INDIRECT($V5)=INDIRECT($Y5)),1,0),IF(AND(ISNUMBER(INDIRECT($W5)),INDIRECT($W5)=INDIRECT($Z5)),1,0)) -> 0 | R5: =SUM(IF(AND(ISNUMBER(INDIRECT($U5)),INDIRECT($U5)<INDIRECT($X5)),1,0),IF(AND(ISNUMBER(INDIRECT($V5)),INDIRECT($V5)<INDIRECT($Y5)),1,0),IF(AND(ISNUMBER(INDIRECT($W5)),INDIRECT($W5)<INDIRECT($Z5)),1,0)) -> 0 | U5: C6 | V5: E8 | W5: E9 | X5: =IF(ISNUMBER(FIND("C", U5, 1)), SUBSTITUTE(U5, "C", "E"), SUBSTITUTE(U5, "E", "C")) -> E6 | Y5: =IF(ISNUMBER(FIND("C", V5, 1)), SUBSTITUTE(V5, "C", "E"), SUBSTITUTE(V5, "E", "C")) -> C8 | Z5: =IF(ISNUMBER(FIND("C", W5, 1)), SUBSTITUTE(W5, "C", "E"), SUBSTITUTE(W5, "E", "C")) -> C9
B6: =APOSTAS!B6 -> Coreia do Sul | C6: 2 | D6: =APOSTAS!D6 -> x | E6: 1 | F6: =APOSTAS!F6 -> República Tcheca | H6: 46184 | I6: 0.95833333 | K6: =APOSTAS!K7 -> México | L6: =SUM(IF(AND(ISNUMBER(INDIRECT($U6)),INDIRECT($U6)>INDIRECT($X6)),3,IF(AND(ISNUMBER(INDIRECT($U6)),INDIRECT($U6)=INDIRECT($X6)),1,0)),IF(AND(ISNUMBER(INDIRECT($V6)),INDIRECT($V6)>INDIRECT($Y6)),3,IF(AND(ISNUMBER(INDIRECT($V6)),INDIRECT($V6)=INDIRECT($Y6)),1,0)),IF(AND(ISNUMBER(INDIRECT($W6)),INDIRECT($W6)>INDIRECT($Z6)),3,IF(AND(ISNUMBER(INDIRECT($W6)),INDIRECT($W6)=INDIRECT($Z6)),1,0))) -> 3 | M6: =N6-O6 -> 2 | N6: =SUM(INDIRECT($U6),INDIRECT($V6),INDIRECT($W6)) -> 2 | O6: =SUM(INDIRECT($X6),INDIRECT($Y6),INDIRECT($Z6)) -> 0 | P6: =SUM(IF(AND(ISNUMBER(INDIRECT($U6)),INDIRECT($U6)>INDIRECT($X6)),1,0),IF(AND(ISNUMBER(INDIRECT($V6)),INDIRECT($V6)>INDIRECT($Y6)),1,0),IF(AND(ISNUMBER(INDIRECT($W6)),INDIRECT($W6)>INDIRECT($Z6)),1,0)) -> 1 | Q6: =SUM(IF(AND(ISNUMBER(INDIRECT($U6)),INDIRECT($U6)=INDIRECT($X6)),1,0),IF(AND(ISNUMBER(INDIRECT($V6)),INDIRECT($V6)=INDIRECT($Y6)),1,0),IF(AND(ISNUMBER(INDIRECT($W6)),INDIRECT($W6)=INDIRECT($Z6)),1,0)) -> 0 | R6: =SUM(IF(AND(ISNUMBER(INDIRECT($U6)),INDIRECT($U6)<INDIRECT($X6)),1,0),IF(AND(ISNUMBER(INDIRECT($V6)),INDIRECT($V6)<INDIRECT($Y6)),1,0),IF(AND(ISNUMBER(INDIRECT($W6)),INDIRECT($W6)<INDIRECT($Z6)),1,0)) -> 0 | U6: C5 | V6: C8 | W6: E10 | X6: =IF(ISNUMBER(FIND("C", U6, 1)), SUBSTITUTE(U6, "C", "E"), SUBSTITUTE(U6, "E", "C")) -> E5 | Y6: =IF(ISNUMBER(FIND("C", V6, 1)), SUBSTITUTE(V6, "C", "E"), SUBSTITUTE(V6, "E", "C")) -> E8 | Z6: =IF(ISNUMBER(FIND("C", W6, 1)), SUBSTITUTE(W6, "C", "E"), SUBSTITUTE(W6, "E", "C")) -> C10
B7: =APOSTAS!B7 -> República Tcheca | D7: =APOSTAS!D7 -> x | F7: =APOSTAS!F7 -> África do Sul | H7: 46191 | I7: 0.54166667 | K7: =APOSTAS!K8 -> República Tcheca | L7: =SUM(IF(AND(ISNUMBER(INDIRECT($U7)),INDIRECT($U7)>INDIRECT($X7)),3,IF(AND(ISNUMBER(INDIRECT($U7)),INDIRECT($U7)=INDIRECT($X7)),1,0)),IF(AND(ISNUMBER(INDIRECT($V7)),INDIRECT($V7)>INDIRECT($Y7)),3,IF(AND(ISNUMBER(INDIRECT($V7)),INDIRECT($V7)=INDIRECT($Y7)),1,0)),IF(AND(ISNUMBER(INDIRECT($W7)),INDIRECT($W7)>INDIRECT($Z7)),3,IF(AND(ISNUMBER(INDIRECT($W7)),INDIRECT($W7)=INDIRECT($Z7)),1,0))) -> 0 | M7: =N7-O7 -> -1 | N7: =SUM(INDIRECT($U7),INDIRECT($V7),INDIRECT($W7)) -> 1 | O7: =SUM(INDIRECT($X7),INDIRECT($Y7),INDIRECT($Z7)) -> 2 | P7: =SUM(IF(AND(ISNUMBER(INDIRECT($U7)),INDIRECT($U7)>INDIRECT($X7)),1,0),IF(AND(ISNUMBER(INDIRECT($V7)),INDIRECT($V7)>INDIRECT($Y7)),1,0),IF(AND(ISNUMBER(INDIRECT($W7)),INDIRECT($W7)>INDIRECT($Z7)),1,0)) -> 0 | Q7: =SUM(IF(AND(ISNUMBER(INDIRECT($U7)),INDIRECT($U7)=INDIRECT($X7)),1,0),IF(AND(ISNUMBER(INDIRECT($V7)),INDIRECT($V7)=INDIRECT($Y7)),1,0),IF(AND(ISNUMBER(INDIRECT($W7)),INDIRECT($W7)=INDIRECT($Z7)),1,0)) -> 0 | R7: =SUM(IF(AND(ISNUMBER(INDIRECT($U7)),INDIRECT($U7)<INDIRECT($X7)),1,0),IF(AND(ISNUMBER(INDIRECT($V7)),INDIRECT($V7)<INDIRECT($Y7)),1,0),IF(AND(ISNUMBER(INDIRECT($W7)),INDIRECT($W7)<INDIRECT($Z7)),1,0)) -> 1 | U7: E6 | V7: C7 | W7: C10 | X7: =IF(ISNUMBER(FIND("C", U7, 1)), SUBSTITUTE(U7, "C", "E"), SUBSTITUTE(U7, "E", "C")) -> C6 | Y7: =IF(ISNUMBER(FIND("C", V7, 1)), SUBSTITUTE(V7, "C", "E"), SUBSTITUTE(V7, "E", "C")) -> E7 | Z7: =IF(ISNUMBER(FIND("C", W7, 1)), SUBSTITUTE(W7, "C", "E"), SUBSTITUTE(W7, "E", "C")) -> E10
B8: =APOSTAS!B8 -> México | D8: =APOSTAS!D8 -> x | F8: =APOSTAS!F8 -> Coreia do Sul | H8: 46191 | I8: 0.91666667 | K8: =APOSTAS!K9 -> África do Sul | L8: =SUM(IF(AND(ISNUMBER(INDIRECT($U8)),INDIRECT($U8)>INDIRECT($X8)),3,IF(AND(ISNUMBER(INDIRECT($U8)),INDIRECT($U8)=INDIRECT($X8)),1,0)),IF(AND(ISNUMBER(INDIRECT($V8)),INDIRECT($V8)>INDIRECT($Y8)),3,IF(AND(ISNUMBER(INDIRECT($V8)),INDIRECT($V8)=INDIRECT($Y8)),1,0)),IF(AND(ISNUMBER(INDIRECT($W8)),INDIRECT($W8)>INDIRECT($Z8)),3,IF(AND(ISNUMBER(INDIRECT($W8)),INDIRECT($W8)=INDIRECT($Z8)),1,0))) -> 0 | M8: =N8-O8 -> -2 | N8: =SUM(INDIRECT($U8),INDIRECT($V8),INDIRECT($W8)) -> 0 | O8: =SUM(INDIRECT($X8),INDIRECT($Y8),INDIRECT($Z8)) -> 2 | P8: =SUM(IF(AND(ISNUMBER(INDIRECT($U8)),INDIRECT($U8)>INDIRECT($X8)),1,0),IF(AND(ISNUMBER(INDIRECT($V8)),INDIRECT($V8)>INDIRECT($Y8)),1,0),IF(AND(ISNUMBER(INDIRECT($W8)),INDIRECT($W8)>INDIRECT($Z8)),1,0)) -> 0 | Q8: =SUM(IF(AND(ISNUMBER(INDIRECT($U8)),INDIRECT($U8)=INDIRECT($X8)),1,0),IF(AND(ISNUMBER(INDIRECT($V8)),INDIRECT($V8)=INDIRECT($Y8)),1,0),IF(AND(ISNUMBER(INDIRECT($W8)),INDIRECT($W8)=INDIRECT($Z8)),1,0)) -> 0 | R8: =SUM(IF(AND(ISNUMBER(INDIRECT($U8)),INDIRECT($U8)<INDIRECT($X8)),1,0),IF(AND(ISNUMBER(INDIRECT($V8)),INDIRECT($V8)<INDIRECT($Y8)),1,0),IF(AND(ISNUMBER(INDIRECT($W8)),INDIRECT($W8)<INDIRECT($Z8)),1,0)) -> 1 | U8: E5 | V8: E7 | W8: C9 | X8: =IF(ISNUMBER(FIND("C", U8, 1)), SUBSTITUTE(U8, "C", "E"), SUBSTITUTE(U8, "E", "C")) -> C5 | Y8: =IF(ISNUMBER(FIND("C", V8, 1)), SUBSTITUTE(V8, "C", "E"), SUBSTITUTE(V8, "E", "C")) -> C7 | Z8: =IF(ISNUMBER(FIND("C", W8, 1)), SUBSTITUTE(W8, "C", "E"), SUBSTITUTE(W8, "E", "C")) -> E9
B9: =APOSTAS!B9 -> África do Sul | D9: =APOSTAS!D9 -> x | F9: =APOSTAS!F9 -> Coreia do Sul | H9: 46197 | I9: 0.91666667
B10: =APOSTAS!B10 -> República Tcheca | D10: =APOSTAS!D10 -> x | F10: =APOSTAS!F10 -> México | H10: 46197 | I10: 0.91666667
B12: GRUPO B | H12: DIA | I12: HORA | L12: P | M12: SG | N12: GP | O12: GC | P12: V | Q12: E | R12: D
B13: =APOSTAS!B13 -> Canadá | C13: 1 | D13: =APOSTAS!D13 -> x | E13: 1 | F13: =APOSTAS!F13 -> Bósnia | H13: 46185 | I13: 0.66666667 | K13: =APOSTAS!K14 -> Bósnia | L13: =SUM(IF(AND(ISNUMBER(INDIRECT($U13)),INDIRECT($U13)>INDIRECT($X13)),3,IF(AND(ISNUMBER(INDIRECT($U13)),INDIRECT($U13)=INDIRECT($X13)),1,0)),IF(AND(ISNUMBER(INDIRECT($V13)),INDIRECT($V13)>INDIRECT($Y13)),3,IF(AND(ISNUMBER(INDIRECT($V13)),INDIRECT($V13)=INDIRECT($Y13)),1,0)),IF(AND(ISNUMBER(INDIRECT($W13)),INDIRECT($W13)>INDIRECT($Z13)),3,IF(AND(ISNUMBER(INDIRECT($W13)),INDIRECT($W13)=INDIRECT($Z13)),1,0))) -> 1 | M13: =N13-O13 -> 0 | N13: =SUM(INDIRECT($U13),INDIRECT($V13),INDIRECT($W13)) -> 1 | O13: =SUM(INDIRECT($X13),INDIRECT($Y13),INDIRECT($Z13)) -> 1 | P13: =SUM(IF(AND(ISNUMBER(INDIRECT($U13)),INDIRECT($U13)>INDIRECT($X13)),1,0),IF(AND(ISNUMBER(INDIRECT($V13)),INDIRECT($V13)>INDIRECT($Y13)),1,0),IF(AND(ISNUMBER(INDIRECT($W13)),INDIRECT($W13)>INDIRECT($Z13)),1,0)) -> 0 | Q13: =SUM(IF(AND(ISNUMBER(INDIRECT($U13)),INDIRECT($U13)=INDIRECT($X13)),1,0),IF(AND(ISNUMBER(INDIRECT($V13)),INDIRECT($V13)=INDIRECT($Y13)),1,0),IF(AND(ISNUMBER(INDIRECT($W13)),INDIRECT($W13)=INDIRECT($Z13)),1,0)) -> 1 | R13: =SUM(IF(AND(ISNUMBER(INDIRECT($U13)),INDIRECT($U13)<INDIRECT($X13)),1,0),IF(AND(ISNUMBER(INDIRECT($V13)),INDIRECT($V13)<INDIRECT($Y13)),1,0),IF(AND(ISNUMBER(INDIRECT($W13)),INDIRECT($W13)<INDIRECT($Z13)),1,0)) -> 0 | U13: E13 | V13: E15 | W13: C18 | X13: =IF(ISNUMBER(FIND("C", U13, 1)), SUBSTITUTE(U13, "C", "E"), SUBSTITUTE(U13, "E", "C")) -> C13 | Y13: =IF(ISNUMBER(FIND("C", V13, 1)), SUBSTITUTE(V13, "C", "E"), SUBSTITUTE(V13, "E", "C")) -> C15 | Z13: =IF(ISNUMBER(FIND("C", W13, 1)), SUBSTITUTE(W13, "C", "E"), SUBSTITUTE(W13, "E", "C")) -> E18
B14: =APOSTAS!B14 -> Catar | C14: 1 | D14: =APOSTAS!D14 -> x | E14: 1 | F14: =APOSTAS!F14 -> Suíça | H14: 46186 | I14: 0.66666667 | K14: =APOSTAS!K15 -> Canadá | L14: =SUM(IF(AND(ISNUMBER(INDIRECT($U14)),INDIRECT($U14)>INDIRECT($X14)),3,IF(AND(ISNUMBER(INDIRECT($U14)),INDIRECT($U14)=INDIRECT($X14)),1,0)),IF(AND(ISNUMBER(INDIRECT($V14)),INDIRECT($V14)>INDIRECT($Y14)),3,IF(AND(ISNUMBER(INDIRECT($V14)),INDIRECT($V14)=INDIRECT($Y14)),1,0)),IF(AND(ISNUMBER(INDIRECT($W14)),INDIRECT($W14)>INDIRECT($Z14)),3,IF(AND(ISNUMBER(INDIRECT($W14)),INDIRECT($W14)=INDIRECT($Z14)),1,0))) -> 1 | M14: =N14-O14 -> 0 | N14: =SUM(INDIRECT($U14),INDIRECT($V14),INDIRECT($W14)) -> 1 | O14: =SUM(INDIRECT($X14),INDIRECT($Y14),INDIRECT($Z14)) -> 1 | P14: =SUM(IF(AND(ISNUMBER(INDIRECT($U14)),INDIRECT($U14)>INDIRECT($X14)),1,0),IF(AND(ISNUMBER(INDIRECT($V14)),INDIRECT($V14)>INDIRECT($Y14)),1,0),IF(AND(ISNUMBER(INDIRECT($W14)),INDIRECT($W14)>INDIRECT($Z14)),1,0)) -> 0 | Q14: =SUM(IF(AND(ISNUMBER(INDIRECT($U14)),INDIRECT($U14)=INDIRECT($X14)),1,0),IF(AND(ISNUMBER(INDIRECT($V14)),INDIRECT($V14)=INDIRECT($Y14)),1,0),IF(AND(ISNUMBER(INDIRECT($W14)),INDIRECT($W14)=INDIRECT($Z14)),1,0)) -> 1 | R14: =SUM(IF(AND(ISNUMBER(INDIRECT($U14)),INDIRECT($U14)<INDIRECT($X14)),1,0),IF(AND(ISNUMBER(INDIRECT($V14)),INDIRECT($V14)<INDIRECT($Y14)),1,0),IF(AND(ISNUMBER(INDIRECT($W14)),INDIRECT($W14)<INDIRECT($Z14)),1,0)) -> 0 | U14: C13 | V14: C16 | W14: E17 | X14: =IF(ISNUMBER(FIND("C", U14, 1)), SUBSTITUTE(U14, "C", "E"), SUBSTITUTE(U14, "E", "C")) -> E13 | Y14: =IF(ISNUMBER(FIND("C", V14, 1)), SUBSTITUTE(V14, "C", "E"), SUBSTITUTE(V14, "E", "C")) -> E16 | Z14: =IF(ISNUMBER(FIND("C", W14, 1)), SUBSTITUTE(W14, "C", "E"), SUBSTITUTE(W14, "E", "C")) -> C17
B15: =APOSTAS!B15 -> Suíça | D15: =APOSTAS!D15 -> x | F15: =APOSTAS!F15 -> Bósnia | H15: 46191 | I15: 0.66666667 | K15: =APOSTAS!K16 -> Catar | L15: =SUM(IF(AND(ISNUMBER(INDIRECT($U15)),INDIRECT($U15)>INDIRECT($X15)),3,IF(AND(ISNUMBER(INDIRECT($U15)),INDIRECT($U15)=INDIRECT($X15)),1,0)),IF(AND(ISNUMBER(INDIRECT($V15)),INDIRECT($V15)>INDIRECT($Y15)),3,IF(AND(ISNUMBER(INDIRECT($V15)),INDIRECT($V15)=INDIRECT($Y15)),1,0)),IF(AND(ISNUMBER(INDIRECT($W15)),INDIRECT($W15)>INDIRECT($Z15)),3,IF(AND(ISNUMBER(INDIRECT($W15)),INDIRECT($W15)=INDIRECT($Z15)),1,0))) -> 1 | M15: =N15-O15 -> 0 | N15: =SUM(INDIRECT($U15),INDIRECT($V15),INDIRECT($W15)) -> 1 | O15: =SUM(INDIRECT($X15),INDIRECT($Y15),INDIRECT($Z15)) -> 1 | P15: =SUM(IF(AND(ISNUMBER(INDIRECT($U15)),INDIRECT($U15)>INDIRECT($X15)),1,0),IF(AND(ISNUMBER(INDIRECT($V15)),INDIRECT($V15)>INDIRECT($Y15)),1,0),IF(AND(ISNUMBER(INDIRECT($W15)),INDIRECT($W15)>INDIRECT($Z15)),1,0)) -> 0 | Q15: =SUM(IF(AND(ISNUMBER(INDIRECT($U15)),INDIRECT($U15)=INDIRECT($X15)),1,0),IF(AND(ISNUMBER(INDIRECT($V15)),INDIRECT($V15)=INDIRECT($Y15)),1,0),IF(AND(ISNUMBER(INDIRECT($W15)),INDIRECT($W15)=INDIRECT($Z15)),1,0)) -> 1 | R15: =SUM(IF(AND(ISNUMBER(INDIRECT($U15)),INDIRECT($U15)<INDIRECT($X15)),1,0),IF(AND(ISNUMBER(INDIRECT($V15)),INDIRECT($V15)<INDIRECT($Y15)),1,0),IF(AND(ISNUMBER(INDIRECT($W15)),INDIRECT($W15)<INDIRECT($Z15)),1,0)) -> 0 | U15: C14 | V15: E16 | W15: E18 | X15: =IF(ISNUMBER(FIND("C", U15, 1)), SUBSTITUTE(U15, "C", "E"), SUBSTITUTE(U15, "E", "C")) -> E14 | Y15: =IF(ISNUMBER(FIND("C", V15, 1)), SUBSTITUTE(V15, "C", "E"), SUBSTITUTE(V15, "E", "C")) -> C16 | Z15: =IF(ISNUMBER(FIND("C", W15, 1)), SUBSTITUTE(W15, "C", "E"), SUBSTITUTE(W15, "E", "C")) -> C18
B16: =APOSTAS!B16 -> Canadá | D16: =APOSTAS!D16 -> x | F16: =APOSTAS!F16 -> Catar | H16: 46191 | I16: 0.79166667 | K16: =APOSTAS!K17 -> Suíça | L16: =SUM(IF(AND(ISNUMBER(INDIRECT($U16)),INDIRECT($U16)>INDIRECT($X16)),3,IF(AND(ISNUMBER(INDIRECT($U16)),INDIRECT($U16)=INDIRECT($X16)),1,0)),IF(AND(ISNUMBER(INDIRECT($V16)),INDIRECT($V16)>INDIRECT($Y16)),3,IF(AND(ISNUMBER(INDIRECT($V16)),INDIRECT($V16)=INDIRECT($Y16)),1,0)),IF(AND(ISNUMBER(INDIRECT($W16)),INDIRECT($W16)>INDIRECT($Z16)),3,IF(AND(ISNUMBER(INDIRECT($W16)),INDIRECT($W16)=INDIRECT($Z16)),1,0))) -> 1 | M16: =N16-O16 -> 0 | N16: =SUM(INDIRECT($U16),INDIRECT($V16),INDIRECT($W16)) -> 1 | O16: =SUM(INDIRECT($X16),INDIRECT($Y16),INDIRECT($Z16)) -> 1 | P16: =SUM(IF(AND(ISNUMBER(INDIRECT($U16)),INDIRECT($U16)>INDIRECT($X16)),1,0),IF(AND(ISNUMBER(INDIRECT($V16)),INDIRECT($V16)>INDIRECT($Y16)),1,0),IF(AND(ISNUMBER(INDIRECT($W16)),INDIRECT($W16)>INDIRECT($Z16)),1,0)) -> 0 | Q16: =SUM(IF(AND(ISNUMBER(INDIRECT($U16)),INDIRECT($U16)=INDIRECT($X16)),1,0),IF(AND(ISNUMBER(INDIRECT($V16)),INDIRECT($V16)=INDIRECT($Y16)),1,0),IF(AND(ISNUMBER(INDIRECT($W16)),INDIRECT($W16)=INDIRECT($Z16)),1,0)) -> 1 | R16: =SUM(IF(AND(ISNUMBER(INDIRECT($U16)),INDIRECT($U16)<INDIRECT($X16)),1,0),IF(AND(ISNUMBER(INDIRECT($V16)),INDIRECT($V16)<INDIRECT($Y16)),1,0),IF(AND(ISNUMBER(INDIRECT($W16)),INDIRECT($W16)<INDIRECT($Z16)),1,0)) -> 0 | U16: E14 | V16: C15 | W16: C17 | X16: =IF(ISNUMBER(FIND("C", U16, 1)), SUBSTITUTE(U16, "C", "E"), SUBSTITUTE(U16, "E", "C")) -> C14 | Y16: =IF(ISNUMBER(FIND("C", V16, 1)), SUBSTITUTE(V16, "C", "E"), SUBSTITUTE(V16, "E", "C")) -> E15 | Z16: =IF(ISNUMBER(FIND("C", W16, 1)), SUBSTITUTE(W16, "C", "E"), SUBSTITUTE(W16, "E", "C")) -> E17
B17: =APOSTAS!B17 -> Suíça | D17: =APOSTAS!D17 -> x | F17: =APOSTAS!F17 -> Canadá | H17: 46197 | I17: 0.66666667
B18: =APOSTAS!B18 -> Bósnia | D18: =APOSTAS!D18 -> x | F18: =APOSTAS!F18 -> Catar | H18: 46197 | I18: 0.66666667
B20: GRUPO C | H20: DIA | I20: HORA | L20: P | M20: SG | N20: GP | O20: GC | P20: V | Q20: E | R20: D
B21: =APOSTAS!B21 -> Brasil | C21: 1 | D21: =APOSTAS!D21 -> x | E21: 1 | F21: =APOSTAS!F21 -> Marrocos | H21: 46186 | I21: 0.79166667 | K21: =APOSTAS!K22 -> Brasil | L21: =SUM(IF(AND(ISNUMBER(INDIRECT($U21)),INDIRECT($U21)>INDIRECT($X21)),3,IF(AND(ISNUMBER(INDIRECT($U21)),INDIRECT($U21)=INDIRECT($X21)),1,0)),IF(AND(ISNUMBER(INDIRECT($V21)),INDIRECT($V21)>INDIRECT($Y21)),3,IF(AND(ISNUMBER(INDIRECT($V21)),INDIRECT($V21)=INDIRECT($Y21)),1,0)),IF(AND(ISNUMBER(INDIRECT($W21)),INDIRECT($W21)>INDIRECT($Z21)),3,IF(AND(ISNUMBER(INDIRECT($W21)),INDIRECT($W21)=INDIRECT($Z21)),1,0))) -> 1 | M21: =N21-O21 -> 0 | N21: =SUM(C21,C23,C26) -> 1 | O21: =SUM(E21,E23,E26) -> 1 | P21: =SUM(IF(AND(ISNUMBER(C21),C21>E21),1,0),IF(AND(ISNUMBER(C23),C23>E23),1,0),IF(AND(ISNUMBER(C26),C26>E26),1,0)) -> 0 | Q21: =SUM(IF(AND(ISNUMBER(C21),C21=E21),1,0),IF(AND(ISNUMBER(C23),C23=E23),1,0),IF(AND(ISNUMBER(C26),C26=E26),1,0)) -> 1 | R21: =SUM(IF(AND(ISNUMBER(C21),C21<E21),1,0),IF(AND(ISNUMBER(C23),C23<E23),1,0),IF(AND(ISNUMBER(C26),C26<E26),1,0)) -> 0 | U21: C21 | V21: C24 | W21: E26 | X21: =IF(ISNUMBER(FIND("C", U21, 1)), SUBSTITUTE(U21, "C", "E"), SUBSTITUTE(U21, "E", "C")) -> E21 | Y21: =IF(ISNUMBER(FIND("C", V21, 1)), SUBSTITUTE(V21, "C", "E"), SUBSTITUTE(V21, "E", "C")) -> E24 | Z21: =IF(ISNUMBER(FIND("C", W21, 1)), SUBSTITUTE(W21, "C", "E"), SUBSTITUTE(W21, "E", "C")) -> C26
B22: =APOSTAS!B22 -> Haiti | C22: 0 | D22: =APOSTAS!D22 -> x | E22: 1 | F22: =APOSTAS!F22 -> Escócia | H22: 46186 | I22: 0.91666667 | K22: =APOSTAS!K23 -> Escócia | L22: =SUM(IF(AND(ISNUMBER(INDIRECT($U22)),INDIRECT($U22)>INDIRECT($X22)),3,IF(AND(ISNUMBER(INDIRECT($U22)),INDIRECT($U22)=INDIRECT($X22)),1,0)),IF(AND(ISNUMBER(INDIRECT($V22)),INDIRECT($V22)>INDIRECT($Y22)),3,IF(AND(ISNUMBER(INDIRECT($V22)),INDIRECT($V22)=INDIRECT($Y22)),1,0)),IF(AND(ISNUMBER(INDIRECT($W22)),INDIRECT($W22)>INDIRECT($Z22)),3,IF(AND(ISNUMBER(INDIRECT($W22)),INDIRECT($W22)=INDIRECT($Z22)),1,0))) -> 3 | M22: =N22-O22 -> 0 | N22: =SUM(E21,C24,C25) -> 1 | O22: =SUM(C21,E24,E25) -> 1 | P22: =SUM(IF(AND(ISNUMBER(E21),E21>C21),1,0),IF(AND(ISNUMBER(C24),C24>E24),1,0),IF(AND(ISNUMBER(C25),C25>E25),1,0)) -> 0 | Q22: =SUM(IF(AND(ISNUMBER(E21),E21=C21),1,0),IF(AND(ISNUMBER(C24),C24=E24),1,0),IF(AND(ISNUMBER(C25),C25=E25),1,0)) -> 1 | R22: =SUM(IF(AND(ISNUMBER(E21),E21<C21),1,0),IF(AND(ISNUMBER(C24),C24<E24),1,0),IF(AND(ISNUMBER(C25),C25<E25),1,0)) -> 0 | U22: E22 | V22: C23 | W22: C26 | X22: =IF(ISNUMBER(FIND("C", U22, 1)), SUBSTITUTE(U22, "C", "E"), SUBSTITUTE(U22, "E", "C")) -> C22 | Y22: =IF(ISNUMBER(FIND("C", V22, 1)), SUBSTITUTE(V22, "C", "E"), SUBSTITUTE(V22, "E", "C")) -> E23 | Z22: =IF(ISNUMBER(FIND("C", W22, 1)), SUBSTITUTE(W22, "C", "E"), SUBSTITUTE(W22, "E", "C")) -> E26
B23: =APOSTAS!B23 -> Escócia | D23: =APOSTAS!D23 -> x | F23: =APOSTAS!F23 -> Marrocos | H23: 46192 | I23: 0.79166667 | K23: =APOSTAS!K24 -> Haiti | L23: =SUM(IF(AND(ISNUMBER(INDIRECT($U23)),INDIRECT($U23)>INDIRECT($X23)),3,IF(AND(ISNUMBER(INDIRECT($U23)),INDIRECT($U23)=INDIRECT($X23)),1,0)),IF(AND(ISNUMBER(INDIRECT($V23)),INDIRECT($V23)>INDIRECT($Y23)),3,IF(AND(ISNUMBER(INDIRECT($V23)),INDIRECT($V23)=INDIRECT($Y23)),1,0)),IF(AND(ISNUMBER(INDIRECT($W23)),INDIRECT($W23)>INDIRECT($Z23)),3,IF(AND(ISNUMBER(INDIRECT($W23)),INDIRECT($W23)=INDIRECT($Z23)),1,0))) -> 0 | M23: =N23-O23 -> -1 | N23: =SUM(C22,E23,E25) -> 0 | O23: =SUM(E22,C23,C25) -> 1 | P23: =SUM(IF(AND(ISNUMBER(C22),C22>E22),1,0),IF(AND(ISNUMBER(E23),E23>C23),1,0),IF(AND(ISNUMBER(E25),E25>C25),1,0)) -> 0 | Q23: =SUM(IF(AND(ISNUMBER(C22),C22=E22),1,0),IF(AND(ISNUMBER(E23),E23=C23),1,0),IF(AND(ISNUMBER(E25),E25=C25),1,0)) -> 0 | R23: =SUM(IF(AND(ISNUMBER(C22),C22<E22),1,0),IF(AND(ISNUMBER(E23),E23<C23),1,0),IF(AND(ISNUMBER(E25),E25<C25),1,0)) -> 1 | U23: C22 | V23: E24 | W23: E25 | X23: =IF(ISNUMBER(FIND("C", U23, 1)), SUBSTITUTE(U23, "C", "E"), SUBSTITUTE(U23, "E", "C")) -> E22 | Y23: =IF(ISNUMBER(FIND("C", V23, 1)), SUBSTITUTE(V23, "C", "E"), SUBSTITUTE(V23, "E", "C")) -> C24 | Z23: =IF(ISNUMBER(FIND("C", W23, 1)), SUBSTITUTE(W23, "C", "E"), SUBSTITUTE(W23, "E", "C")) -> C25
B24: =APOSTAS!B24 -> Brasil | D24: =APOSTAS!D24 -> x | F24: =APOSTAS!F24 -> Haiti | H24: 46192 | I24: 0.89583333 | K24: =APOSTAS!K25 -> Marrocos | L24: =SUM(IF(AND(ISNUMBER(INDIRECT($U24)),INDIRECT($U24)>INDIRECT($X24)),3,IF(AND(ISNUMBER(INDIRECT($U24)),INDIRECT($U24)=INDIRECT($X24)),1,0)),IF(AND(ISNUMBER(INDIRECT($V24)),INDIRECT($V24)>INDIRECT($Y24)),3,IF(AND(ISNUMBER(INDIRECT($V24)),INDIRECT($V24)=INDIRECT($Y24)),1,0)),IF(AND(ISNUMBER(INDIRECT($W24)),INDIRECT($W24)>INDIRECT($Z24)),3,IF(AND(ISNUMBER(INDIRECT($W24)),INDIRECT($W24)=INDIRECT($Z24)),1,0))) -> 1 | M24: =N24-O24 -> 1 | N24: =SUM(E22,E24,E26) -> 1 | O24: =SUM(C22,C24,C26) -> 0 | P24: =SUM(IF(AND(ISNUMBER(E22),E22>C22),1,0),IF(AND(ISNUMBER(E24),E24>C24),1,0),IF(AND(ISNUMBER(E26),E26>C26),1,0)) -> 1 | Q24: =SUM(IF(AND(ISNUMBER(E22),E22=C22),1,0),IF(AND(ISNUMBER(E24),E24=C24),1,0),IF(AND(ISNUMBER(E26),E26=C26),1,0)) -> 0 | R24: =SUM(IF(AND(ISNUMBER(E22),E22<C22),1,0),IF(AND(ISNUMBER(E24),E24<C24),1,0),IF(AND(ISNUMBER(E26),E26<C26),1,0)) -> 0 | U24: E21 | V24: E23 | W24: C25 | X24: =IF(ISNUMBER(FIND("C", U24, 1)), SUBSTITUTE(U24, "C", "E"), SUBSTITUTE(U24, "E", "C")) -> C21 | Y24: =IF(ISNUMBER(FIND("C", V24, 1)), SUBSTITUTE(V24, "C", "E"), SUBSTITUTE(V24, "E", "C")) -> C23 | Z24: =IF(ISNUMBER(FIND("C", W24, 1)), SUBSTITUTE(W24, "C", "E"), SUBSTITUTE(W24, "E", "C")) -> E25
B25: =APOSTAS!B25 -> Marrocos | D25: =APOSTAS!D25 -> x | F25: =APOSTAS!F25 -> Haiti | H25: 46197 | I25: 0.79166667
B26: =APOSTAS!B26 -> Escócia | D26: =APOSTAS!D26 -> x | F26: =APOSTAS!F26 -> Brasil | H26: 46197 | I26: 0.79166667
B28: GRUPO D | H28: DIA | I28: HORA | L28: P | M28: SG | N28: GP | O28: GC | P28: V | Q28: E | R28: D
B29: =APOSTAS!B29 -> Estados Unidos | C29: 4 | D29: =APOSTAS!D29 -> x | E29: 1 | F29: =APOSTAS!F29 -> Paraguai | H29: 46185 | I29: 0.91666667 | K29: =APOSTAS!K30 -> Austrália | L29: =SUM(IF(AND(ISNUMBER(INDIRECT($U29)),INDIRECT($U29)>INDIRECT($X29)),3,IF(AND(ISNUMBER(INDIRECT($U29)),INDIRECT($U29)=INDIRECT($X29)),1,0)),IF(AND(ISNUMBER(INDIRECT($V29)),INDIRECT($V29)>INDIRECT($Y29)),3,IF(AND(ISNUMBER(INDIRECT($V29)),INDIRECT($V29)=INDIRECT($Y29)),1,0)),IF(AND(ISNUMBER(INDIRECT($W29)),INDIRECT($W29)>INDIRECT($Z29)),3,IF(AND(ISNUMBER(INDIRECT($W29)),INDIRECT($W29)=INDIRECT($Z29)),1,0))) -> 3 | M29: =N29-O29 -> 2 | N29: =SUM(INDIRECT($U29),INDIRECT($V29),INDIRECT($W29)) -> 2 | O29: =SUM(INDIRECT($X29),INDIRECT($Y29),INDIRECT($Z29)) -> 0 | P29: =SUM(IF(AND(ISNUMBER(INDIRECT($U29)),INDIRECT($U29)>INDIRECT($X29)),1,0),IF(AND(ISNUMBER(INDIRECT($V29)),INDIRECT($V29)>INDIRECT($Y29)),1,0),IF(AND(ISNUMBER(INDIRECT($W29)),INDIRECT($W29)>INDIRECT($Z29)),1,0)) -> 1 | Q29: =SUM(IF(AND(ISNUMBER(INDIRECT($U29)),INDIRECT($U29)=INDIRECT($X29)),1,0),IF(AND(ISNUMBER(INDIRECT($V29)),INDIRECT($V29)=INDIRECT($Y29)),1,0),IF(AND(ISNUMBER(INDIRECT($W29)),INDIRECT($W29)=INDIRECT($Z29)),1,0)) -> 0 | R29: =SUM(IF(AND(ISNUMBER(INDIRECT($U29)),INDIRECT($U29)<INDIRECT($X29)),1,0),IF(AND(ISNUMBER(INDIRECT($V29)),INDIRECT($V29)<INDIRECT($Y29)),1,0),IF(AND(ISNUMBER(INDIRECT($W29)),INDIRECT($W29)<INDIRECT($Z29)),1,0)) -> 0 | U29: C30 | V29: E31 | W29: E34 | X29: =IF(ISNUMBER(FIND("C", U29, 1)), SUBSTITUTE(U29, "C", "E"), SUBSTITUTE(U29, "E", "C")) -> E30 | Y29: =IF(ISNUMBER(FIND("C", V29, 1)), SUBSTITUTE(V29, "C", "E"), SUBSTITUTE(V29, "E", "C")) -> C31 | Z29: =IF(ISNUMBER(FIND("C", W29, 1)), SUBSTITUTE(W29, "C", "E"), SUBSTITUTE(W29, "E", "C")) -> C34
B30: =APOSTAS!B30 -> Austrália | C30: 2 | D30: =APOSTAS!D30 -> x | E30: 0 | F30: =APOSTAS!F30 -> Turquia | H30: 46187 | I30: 0.041666667 | K30: =APOSTAS!K31 -> Estados Unidos | L30: =SUM(IF(AND(ISNUMBER(INDIRECT($U30)),INDIRECT($U30)>INDIRECT($X30)),3,IF(AND(ISNUMBER(INDIRECT($U30)),INDIRECT($U30)=INDIRECT($X30)),1,0)),IF(AND(ISNUMBER(INDIRECT($V30)),INDIRECT($V30)>INDIRECT($Y30)),3,IF(AND(ISNUMBER(INDIRECT($V30)),INDIRECT($V30)=INDIRECT($Y30)),1,0)),IF(AND(ISNUMBER(INDIRECT($W30)),INDIRECT($W30)>INDIRECT($Z30)),3,IF(AND(ISNUMBER(INDIRECT($W30)),INDIRECT($W30)=INDIRECT($Z30)),1,0))) -> 3 | M30: =N30-O30 -> 3 | N30: =SUM(INDIRECT($U30),INDIRECT($V30),INDIRECT($W30)) -> 4 | O30: =SUM(INDIRECT($X30),INDIRECT($Y30),INDIRECT($Z30)) -> 1 | P30: =SUM(IF(AND(ISNUMBER(INDIRECT($U30)),INDIRECT($U30)>INDIRECT($X30)),1,0),IF(AND(ISNUMBER(INDIRECT($V30)),INDIRECT($V30)>INDIRECT($Y30)),1,0),IF(AND(ISNUMBER(INDIRECT($W30)),INDIRECT($W30)>INDIRECT($Z30)),1,0)) -> 1 | Q30: =SUM(IF(AND(ISNUMBER(INDIRECT($U30)),INDIRECT($U30)=INDIRECT($X30)),1,0),IF(AND(ISNUMBER(INDIRECT($V30)),INDIRECT($V30)=INDIRECT($Y30)),1,0),IF(AND(ISNUMBER(INDIRECT($W30)),INDIRECT($W30)=INDIRECT($Z30)),1,0)) -> 0 | R30: =SUM(IF(AND(ISNUMBER(INDIRECT($U30)),INDIRECT($U30)<INDIRECT($X30)),1,0),IF(AND(ISNUMBER(INDIRECT($V30)),INDIRECT($V30)<INDIRECT($Y30)),1,0),IF(AND(ISNUMBER(INDIRECT($W30)),INDIRECT($W30)<INDIRECT($Z30)),1,0)) -> 0 | U30: C29 | V30: C31 | W30: E33 | X30: =IF(ISNUMBER(FIND("C", U30, 1)), SUBSTITUTE(U30, "C", "E"), SUBSTITUTE(U30, "E", "C")) -> E29 | Y30: =IF(ISNUMBER(FIND("C", V30, 1)), SUBSTITUTE(V30, "C", "E"), SUBSTITUTE(V30, "E", "C")) -> E31 | Z30: =IF(ISNUMBER(FIND("C", W30, 1)), SUBSTITUTE(W30, "C", "E"), SUBSTITUTE(W30, "E", "C")) -> C33
B31: =APOSTAS!B31 -> Estados Unidos | D31: =APOSTAS!D31 -> x | F31: =APOSTAS!F31 -> Austrália | H31: 46192 | I31: 0.66666667 | K31: =APOSTAS!K32 -> Paraguai | L31: =SUM(IF(AND(ISNUMBER(INDIRECT($U31)),INDIRECT($U31)>INDIRECT($X31)),3,IF(AND(ISNUMBER(INDIRECT($U31)),INDIRECT($U31)=INDIRECT($X31)),1,0)),IF(AND(ISNUMBER(INDIRECT($V31)),INDIRECT($V31)>INDIRECT($Y31)),3,IF(AND(ISNUMBER(INDIRECT($V31)),INDIRECT($V31)=INDIRECT($Y31)),1,0)),IF(AND(ISNUMBER(INDIRECT($W31)),INDIRECT($W31)>INDIRECT($Z31)),3,IF(AND(ISNUMBER(INDIRECT($W31)),INDIRECT($W31)=INDIRECT($Z31)),1,0))) -> 0 | M31: =N31-O31 -> -3 | N31: =SUM(INDIRECT($U31),INDIRECT($V31),INDIRECT($W31)) -> 1 | O31: =SUM(INDIRECT($X31),INDIRECT($Y31),INDIRECT($Z31)) -> 4 | P31: =SUM(IF(AND(ISNUMBER(INDIRECT($U31)),INDIRECT($U31)>INDIRECT($X31)),1,0),IF(AND(ISNUMBER(INDIRECT($V31)),INDIRECT($V31)>INDIRECT($Y31)),1,0),IF(AND(ISNUMBER(INDIRECT($W31)),INDIRECT($W31)>INDIRECT($Z31)),1,0)) -> 0 | Q31: =SUM(IF(AND(ISNUMBER(INDIRECT($U31)),INDIRECT($U31)=INDIRECT($X31)),1,0),IF(AND(ISNUMBER(INDIRECT($V31)),INDIRECT($V31)=INDIRECT($Y31)),1,0),IF(AND(ISNUMBER(INDIRECT($W31)),INDIRECT($W31)=INDIRECT($Z31)),1,0)) -> 0 | R31: =SUM(IF(AND(ISNUMBER(INDIRECT($U31)),INDIRECT($U31)<INDIRECT($X31)),1,0),IF(AND(ISNUMBER(INDIRECT($V31)),INDIRECT($V31)<INDIRECT($Y31)),1,0),IF(AND(ISNUMBER(INDIRECT($W31)),INDIRECT($W31)<INDIRECT($Z31)),1,0)) -> 1 | U31: E29 | V31: E32 | W31: E34 | X31: =IF(ISNUMBER(FIND("C", U31, 1)), SUBSTITUTE(U31, "C", "E"), SUBSTITUTE(U31, "E", "C")) -> C29 | Y31: =IF(ISNUMBER(FIND("C", V31, 1)), SUBSTITUTE(V31, "C", "E"), SUBSTITUTE(V31, "E", "C")) -> C32 | Z31: =IF(ISNUMBER(FIND("C", W31, 1)), SUBSTITUTE(W31, "C", "E"), SUBSTITUTE(W31, "E", "C")) -> C34
B32: =APOSTAS!B32 -> Turquia | D32: =APOSTAS!D32 -> x | F32: =APOSTAS!F32 -> Paraguai | H32: 46193 | I32: 0.041666667 | K32: =APOSTAS!K33 -> Turquia | L32: =SUM(IF(AND(ISNUMBER(INDIRECT($U32)),INDIRECT($U32)>INDIRECT($X32)),3,IF(AND(ISNUMBER(INDIRECT($U32)),INDIRECT($U32)=INDIRECT($X32)),1,0)),IF(AND(ISNUMBER(INDIRECT($V32)),INDIRECT($V32)>INDIRECT($Y32)),3,IF(AND(ISNUMBER(INDIRECT($V32)),INDIRECT($V32)=INDIRECT($Y32)),1,0)),IF(AND(ISNUMBER(INDIRECT($W32)),INDIRECT($W32)>INDIRECT($Z32)),3,IF(AND(ISNUMBER(INDIRECT($W32)),INDIRECT($W32)=INDIRECT($Z32)),1,0))) -> 0 | M32: =N32-O32 -> -2 | N32: =SUM(INDIRECT($U32),INDIRECT($V32),INDIRECT($W32)) -> 0 | O32: =SUM(INDIRECT($X32),INDIRECT($Y32),INDIRECT($Z32)) -> 2 | P32: =SUM(IF(AND(ISNUMBER(INDIRECT($U32)),INDIRECT($U32)>INDIRECT($X32)),1,0),IF(AND(ISNUMBER(INDIRECT($V32)),INDIRECT($V32)>INDIRECT($Y32)),1,0),IF(AND(ISNUMBER(INDIRECT($W32)),INDIRECT($W32)>INDIRECT($Z32)),1,0)) -> 0 | Q32: =SUM(IF(AND(ISNUMBER(INDIRECT($U32)),INDIRECT($U32)=INDIRECT($X32)),1,0),IF(AND(ISNUMBER(INDIRECT($V32)),INDIRECT($V32)=INDIRECT($Y32)),1,0),IF(AND(ISNUMBER(INDIRECT($W32)),INDIRECT($W32)=INDIRECT($Z32)),1,0)) -> 0 | R32: =SUM(IF(AND(ISNUMBER(INDIRECT($U32)),INDIRECT($U32)<INDIRECT($X32)),1,0),IF(AND(ISNUMBER(INDIRECT($V32)),INDIRECT($V32)<INDIRECT($Y32)),1,0),IF(AND(ISNUMBER(INDIRECT($W32)),INDIRECT($W32)<INDIRECT($Z32)),1,0)) -> 1 | U32: E30 | V32: C32 | W32: C33 | X32: =IF(ISNUMBER(FIND("C", U32, 1)), SUBSTITUTE(U32, "C", "E"), SUBSTITUTE(U32, "E", "C")) -> C30 | Y32: =IF(ISNUMBER(FIND("C", V32, 1)), SUBSTITUTE(V32, "C", "E"), SUBSTITUTE(V32, "E", "C")) -> E32 | Z32: =IF(ISNUMBER(FIND("C", W32, 1)), SUBSTITUTE(W32, "C", "E"), SUBSTITUTE(W32, "E", "C")) -> E33
B33: =APOSTAS!B33 -> Turquia | D33: =APOSTAS!D33 -> x | F33: =APOSTAS!F33 -> Estados Unidos | H33: 46198 | I33: 0.95833333
B34: =APOSTAS!B34 -> Paraguai | D34: =APOSTAS!D34 -> x | F34: =APOSTAS!F34 -> Austrália | H34: 46198 | I34: 0.95833333
B36: GRUPO E | H36: DIA | I36: HORA | L36: P | M36: SG | N36: GP | O36: GC | P36: V | Q36: E | R36: D
B37: =APOSTAS!B37 -> Alemanha | C37: 7 | D37: =APOSTAS!D37 -> x | E37: 1 | F37: =APOSTAS!F37 -> Curaçao | H37: 46187 | I37: 0.58333333 | K37: =APOSTAS!K38 -> Alemanha | L37: =SUM(IF(AND(ISNUMBER(INDIRECT($U37)),INDIRECT($U37)>INDIRECT($X37)),3,IF(AND(ISNUMBER(INDIRECT($U37)),INDIRECT($U37)=INDIRECT($X37)),1,0)),IF(AND(ISNUMBER(INDIRECT($V37)),INDIRECT($V37)>INDIRECT($Y37)),3,IF(AND(ISNUMBER(INDIRECT($V37)),INDIRECT($V37)=INDIRECT($Y37)),1,0)),IF(AND(ISNUMBER(INDIRECT($W37)),INDIRECT($W37)>INDIRECT($Z37)),3,IF(AND(ISNUMBER(INDIRECT($W37)),INDIRECT($W37)=INDIRECT($Z37)),1,0))) -> 3 | M37: =N37-O37 -> 6 | N37: =SUM(INDIRECT($U37),INDIRECT($V37),INDIRECT($W37)) -> 7 | O37: =SUM(INDIRECT($X37),INDIRECT($Y37),INDIRECT($Z37)) -> 1 | P37: =SUM(IF(AND(ISNUMBER(INDIRECT($U37)),INDIRECT($U37)>INDIRECT($X37)),1,0),IF(AND(ISNUMBER(INDIRECT($V37)),INDIRECT($V37)>INDIRECT($Y37)),1,0),IF(AND(ISNUMBER(INDIRECT($W37)),INDIRECT($W37)>INDIRECT($Z37)),1,0)) -> 1 | Q37: =SUM(IF(AND(ISNUMBER(INDIRECT($U37)),INDIRECT($U37)=INDIRECT($X37)),1,0),IF(AND(ISNUMBER(INDIRECT($V37)),INDIRECT($V37)=INDIRECT($Y37)),1,0),IF(AND(ISNUMBER(INDIRECT($W37)),INDIRECT($W37)=INDIRECT($Z37)),1,0)) -> 0 | R37: =SUM(IF(AND(ISNUMBER(INDIRECT($U37)),INDIRECT($U37)<INDIRECT($X37)),1,0),IF(AND(ISNUMBER(INDIRECT($V37)),INDIRECT($V37)<INDIRECT($Y37)),1,0),IF(AND(ISNUMBER(INDIRECT($W37)),INDIRECT($W37)<INDIRECT($Z37)),1,0)) -> 0 | U37: C37 | V37: C39 | W37: E41 | X37: =IF(ISNUMBER(FIND("C", U37, 1)), SUBSTITUTE(U37, "C", "E"), SUBSTITUTE(U37, "E", "C")) -> E37 | Y37: =IF(ISNUMBER(FIND("C", V37, 1)), SUBSTITUTE(V37, "C", "E"), SUBSTITUTE(V37, "E", "C")) -> E39 | Z37: =IF(ISNUMBER(FIND("C", W37, 1)), SUBSTITUTE(W37, "C", "E"), SUBSTITUTE(W37, "E", "C")) -> C41
B38: =APOSTAS!B38 -> Costa do Marfim | C38: 1 | D38: =APOSTAS!D38 -> x | E38: 0 | F38: =APOSTAS!F38 -> Equador | H38: 46187 | I38: 0.83333333 | K38: =APOSTAS!K39 -> Costa do Marfim | L38: =SUM(IF(AND(ISNUMBER(INDIRECT($U38)),INDIRECT($U38)>INDIRECT($X38)),3,IF(AND(ISNUMBER(INDIRECT($U38)),INDIRECT($U38)=INDIRECT($X38)),1,0)),IF(AND(ISNUMBER(INDIRECT($V38)),INDIRECT($V38)>INDIRECT($Y38)),3,IF(AND(ISNUMBER(INDIRECT($V38)),INDIRECT($V38)=INDIRECT($Y38)),1,0)),IF(AND(ISNUMBER(INDIRECT($W38)),INDIRECT($W38)>INDIRECT($Z38)),3,IF(AND(ISNUMBER(INDIRECT($W38)),INDIRECT($W38)=INDIRECT($Z38)),1,0))) -> 3 | M38: =N38-O38 -> 1 | N38: =SUM(INDIRECT($U38),INDIRECT($V38),INDIRECT($W38)) -> 1 | O38: =SUM(INDIRECT($X38),INDIRECT($Y38),INDIRECT($Z38)) -> 0 | P38: =SUM(IF(AND(ISNUMBER(INDIRECT($U38)),INDIRECT($U38)>INDIRECT($X38)),1,0),IF(AND(ISNUMBER(INDIRECT($V38)),INDIRECT($V38)>INDIRECT($Y38)),1,0),IF(AND(ISNUMBER(INDIRECT($W38)),INDIRECT($W38)>INDIRECT($Z38)),1,0)) -> 1 | Q38: =SUM(IF(AND(ISNUMBER(INDIRECT($U38)),INDIRECT($U38)=INDIRECT($X38)),1,0),IF(AND(ISNUMBER(INDIRECT($V38)),INDIRECT($V38)=INDIRECT($Y38)),1,0),IF(AND(ISNUMBER(INDIRECT($W38)),INDIRECT($W38)=INDIRECT($Z38)),1,0)) -> 0 | R38: =SUM(IF(AND(ISNUMBER(INDIRECT($U38)),INDIRECT($U38)<INDIRECT($X38)),1,0),IF(AND(ISNUMBER(INDIRECT($V38)),INDIRECT($V38)<INDIRECT($Y38)),1,0),IF(AND(ISNUMBER(INDIRECT($W38)),INDIRECT($W38)<INDIRECT($Z38)),1,0)) -> 0 | U38: C38 | V38: E39 | W38: E42 | X38: =IF(ISNUMBER(FIND("C", U38, 1)), SUBSTITUTE(U38, "C", "E"), SUBSTITUTE(U38, "E", "C")) -> E38 | Y38: =IF(ISNUMBER(FIND("C", V38, 1)), SUBSTITUTE(V38, "C", "E"), SUBSTITUTE(V38, "E", "C")) -> C39 | Z38: =IF(ISNUMBER(FIND("C", W38, 1)), SUBSTITUTE(W38, "C", "E"), SUBSTITUTE(W38, "E", "C")) -> C42
B39: =APOSTAS!B39 -> Alemanha | D39: =APOSTAS!D39 -> x | F39: =APOSTAS!F39 -> Costa do Marfim | H39: 46193 | I39: 0.70833333 | K39: =APOSTAS!K40 -> Curaçao | L39: =SUM(IF(AND(ISNUMBER(INDIRECT($U39)),INDIRECT($U39)>INDIRECT($X39)),3,IF(AND(ISNUMBER(INDIRECT($U39)),INDIRECT($U39)=INDIRECT($X39)),1,0)),IF(AND(ISNUMBER(INDIRECT($V39)),INDIRECT($V39)>INDIRECT($Y39)),3,IF(AND(ISNUMBER(INDIRECT($V39)),INDIRECT($V39)=INDIRECT($Y39)),1,0)),IF(AND(ISNUMBER(INDIRECT($W39)),INDIRECT($W39)>INDIRECT($Z39)),3,IF(AND(ISNUMBER(INDIRECT($W39)),INDIRECT($W39)=INDIRECT($Z39)),1,0))) -> 0 | M39: =N39-O39 -> -6 | N39: =SUM(INDIRECT($U39),INDIRECT($V39),INDIRECT($W39)) -> 1 | O39: =SUM(INDIRECT($X39),INDIRECT($Y39),INDIRECT($Z39)) -> 7 | P39: =SUM(IF(AND(ISNUMBER(INDIRECT($U39)),INDIRECT($U39)>INDIRECT($X39)),1,0),IF(AND(ISNUMBER(INDIRECT($V39)),INDIRECT($V39)>INDIRECT($Y39)),1,0),IF(AND(ISNUMBER(INDIRECT($W39)),INDIRECT($W39)>INDIRECT($Z39)),1,0)) -> 0 | Q39: =SUM(IF(AND(ISNUMBER(INDIRECT($U39)),INDIRECT($U39)=INDIRECT($X39)),1,0),IF(AND(ISNUMBER(INDIRECT($V39)),INDIRECT($V39)=INDIRECT($Y39)),1,0),IF(AND(ISNUMBER(INDIRECT($W39)),INDIRECT($W39)=INDIRECT($Z39)),1,0)) -> 0 | R39: =SUM(IF(AND(ISNUMBER(INDIRECT($U39)),INDIRECT($U39)<INDIRECT($X39)),1,0),IF(AND(ISNUMBER(INDIRECT($V39)),INDIRECT($V39)<INDIRECT($Y39)),1,0),IF(AND(ISNUMBER(INDIRECT($W39)),INDIRECT($W39)<INDIRECT($Z39)),1,0)) -> 1 | U39: E37 | V39: E40 | W39: C42 | X39: =IF(ISNUMBER(FIND("C", U39, 1)), SUBSTITUTE(U39, "C", "E"), SUBSTITUTE(U39, "E", "C")) -> C37 | Y39: =IF(ISNUMBER(FIND("C", V39, 1)), SUBSTITUTE(V39, "C", "E"), SUBSTITUTE(V39, "E", "C")) -> C40 | Z39: =IF(ISNUMBER(FIND("C", W39, 1)), SUBSTITUTE(W39, "C", "E"), SUBSTITUTE(W39, "E", "C")) -> E42
B40: =APOSTAS!B40 -> Equador | D40: =APOSTAS!D40 -> x | F40: =APOSTAS!F40 -> Curaçao | H40: 46193 | I40: 0.875 | K40: =APOSTAS!K41 -> Equador | L40: =SUM(IF(AND(ISNUMBER(INDIRECT($U40)),INDIRECT($U40)>INDIRECT($X40)),3,IF(AND(ISNUMBER(INDIRECT($U40)),INDIRECT($U40)=INDIRECT($X40)),1,0)),IF(AND(ISNUMBER(INDIRECT($V40)),INDIRECT($V40)>INDIRECT($Y40)),3,IF(AND(ISNUMBER(INDIRECT($V40)),INDIRECT($V40)=INDIRECT($Y40)),1,0)),IF(AND(ISNUMBER(INDIRECT($W40)),INDIRECT($W40)>INDIRECT($Z40)),3,IF(AND(ISNUMBER(INDIRECT($W40)),INDIRECT($W40)=INDIRECT($Z40)),1,0))) -> 0 | M40: =N40-O40 -> -1 | N40: =SUM(INDIRECT($U40),INDIRECT($V40),INDIRECT($W40)) -> 0 | O40: =SUM(INDIRECT($X40),INDIRECT($Y40),INDIRECT($Z40)) -> 1 | P40: =SUM(IF(AND(ISNUMBER(INDIRECT($U40)),INDIRECT($U40)>INDIRECT($X40)),1,0),IF(AND(ISNUMBER(INDIRECT($V40)),INDIRECT($V40)>INDIRECT($Y40)),1,0),IF(AND(ISNUMBER(INDIRECT($W40)),INDIRECT($W40)>INDIRECT($Z40)),1,0)) -> 0 | Q40: =SUM(IF(AND(ISNUMBER(INDIRECT($U40)),INDIRECT($U40)=INDIRECT($X40)),1,0),IF(AND(ISNUMBER(INDIRECT($V40)),INDIRECT($V40)=INDIRECT($Y40)),1,0),IF(AND(ISNUMBER(INDIRECT($W40)),INDIRECT($W40)=INDIRECT($Z40)),1,0)) -> 0 | R40: =SUM(IF(AND(ISNUMBER(INDIRECT($U40)),INDIRECT($U40)<INDIRECT($X40)),1,0),IF(AND(ISNUMBER(INDIRECT($V40)),INDIRECT($V40)<INDIRECT($Y40)),1,0),IF(AND(ISNUMBER(INDIRECT($W40)),INDIRECT($W40)<INDIRECT($Z40)),1,0)) -> 1 | U40: E38 | V40: C40 | W40: C41 | X40: =IF(ISNUMBER(FIND("C", U40, 1)), SUBSTITUTE(U40, "C", "E"), SUBSTITUTE(U40, "E", "C")) -> C38 | Y40: =IF(ISNUMBER(FIND("C", V40, 1)), SUBSTITUTE(V40, "C", "E"), SUBSTITUTE(V40, "E", "C")) -> E40 | Z40: =IF(ISNUMBER(FIND("C", W40, 1)), SUBSTITUTE(W40, "C", "E"), SUBSTITUTE(W40, "E", "C")) -> E41
B41: =APOSTAS!B41 -> Equador | D41: =APOSTAS!D41 -> x | F41: =APOSTAS!F41 -> Alemanha | H41: 46198 | I41: 0.70833333
B42: =APOSTAS!B42 -> Curaçao | D42: =APOSTAS!D42 -> x | F42: =APOSTAS!F42 -> Costa do Marfim | H42: 46198 | I42: 0.70833333
B44: GRUPO F | H44: DIA | I44: HORA | L44: P | M44: SG | N44: GP | O44: GC | P44: V | Q44: E | R44: D
B45: =APOSTAS!B45 -> Holanda | C45: 2 | D45: =APOSTAS!D45 -> x | E45: 2 | F45: =APOSTAS!F45 -> Japão | H45: 46187 | I45: 0.70833333 | K45: =APOSTAS!K46 -> Holanda | L45: =SUM(IF(AND(ISNUMBER(INDIRECT($U45)),INDIRECT($U45)>INDIRECT($X45)),3,IF(AND(ISNUMBER(INDIRECT($U45)),INDIRECT($U45)=INDIRECT($X45)),1,0)),IF(AND(ISNUMBER(INDIRECT($V45)),INDIRECT($V45)>INDIRECT($Y45)),3,IF(AND(ISNUMBER(INDIRECT($V45)),INDIRECT($V45)=INDIRECT($Y45)),1,0)),IF(AND(ISNUMBER(INDIRECT($W45)),INDIRECT($W45)>INDIRECT($Z45)),3,IF(AND(ISNUMBER(INDIRECT($W45)),INDIRECT($W45)=INDIRECT($Z45)),1,0))) -> 1 | M45: =N45-O45 -> 0 | N45: =SUM(INDIRECT($U45),INDIRECT($V45),INDIRECT($W45)) -> 2 | O45: =SUM(INDIRECT($X45),INDIRECT($Y45),INDIRECT($Z45)) -> 2 | P45: =SUM(IF(AND(ISNUMBER(INDIRECT($U45)),INDIRECT($U45)>INDIRECT($X45)),1,0),IF(AND(ISNUMBER(INDIRECT($V45)),INDIRECT($V45)>INDIRECT($Y45)),1,0),IF(AND(ISNUMBER(INDIRECT($W45)),INDIRECT($W45)>INDIRECT($Z45)),1,0)) -> 0 | Q45: =SUM(IF(AND(ISNUMBER(INDIRECT($U45)),INDIRECT($U45)=INDIRECT($X45)),1,0),IF(AND(ISNUMBER(INDIRECT($V45)),INDIRECT($V45)=INDIRECT($Y45)),1,0),IF(AND(ISNUMBER(INDIRECT($W45)),INDIRECT($W45)=INDIRECT($Z45)),1,0)) -> 1 | R45: =SUM(IF(AND(ISNUMBER(INDIRECT($U45)),INDIRECT($U45)<INDIRECT($X45)),1,0),IF(AND(ISNUMBER(INDIRECT($V45)),INDIRECT($V45)<INDIRECT($Y45)),1,0),IF(AND(ISNUMBER(INDIRECT($W45)),INDIRECT($W45)<INDIRECT($Z45)),1,0)) -> 0 | U45: C45 | V45: C47 | W45: E49 | X45: =IF(ISNUMBER(FIND("C", U45, 1)), SUBSTITUTE(U45, "C", "E"), SUBSTITUTE(U45, "E", "C")) -> E45 | Y45: =IF(ISNUMBER(FIND("C", V45, 1)), SUBSTITUTE(V45, "C", "E"), SUBSTITUTE(V45, "E", "C")) -> E47 | Z45: =IF(ISNUMBER(FIND("C", W45, 1)), SUBSTITUTE(W45, "C", "E"), SUBSTITUTE(W45, "E", "C")) -> C49
B46: =APOSTAS!B46 -> Suécia | C46: 5 | D46: =APOSTAS!D46 -> x | E46: 1 | F46: =APOSTAS!F46 -> Tunísia | H46: 46187 | I46: 0.95833333 | K46: =APOSTAS!K47 -> Japão | L46: =SUM(IF(AND(ISNUMBER(INDIRECT($U46)),INDIRECT($U46)>INDIRECT($X46)),3,IF(AND(ISNUMBER(INDIRECT($U46)),INDIRECT($U46)=INDIRECT($X46)),1,0)),IF(AND(ISNUMBER(INDIRECT($V46)),INDIRECT($V46)>INDIRECT($Y46)),3,IF(AND(ISNUMBER(INDIRECT($V46)),INDIRECT($V46)=INDIRECT($Y46)),1,0)),IF(AND(ISNUMBER(INDIRECT($W46)),INDIRECT($W46)>INDIRECT($Z46)),3,IF(AND(ISNUMBER(INDIRECT($W46)),INDIRECT($W46)=INDIRECT($Z46)),1,0))) -> 1 | M46: =N46-O46 -> 0 | N46: =SUM(INDIRECT($U46),INDIRECT($V46),INDIRECT($W46)) -> 2 | O46: =SUM(INDIRECT($X46),INDIRECT($Y46),INDIRECT($Z46)) -> 2 | P46: =SUM(IF(AND(ISNUMBER(INDIRECT($U46)),INDIRECT($U46)>INDIRECT($X46)),1,0),IF(AND(ISNUMBER(INDIRECT($V46)),INDIRECT($V46)>INDIRECT($Y46)),1,0),IF(AND(ISNUMBER(INDIRECT($W46)),INDIRECT($W46)>INDIRECT($Z46)),1,0)) -> 0 | Q46: =SUM(IF(AND(ISNUMBER(INDIRECT($U46)),INDIRECT($U46)=INDIRECT($X46)),1,0),IF(AND(ISNUMBER(INDIRECT($V46)),INDIRECT($V46)=INDIRECT($Y46)),1,0),IF(AND(ISNUMBER(INDIRECT($W46)),INDIRECT($W46)=INDIRECT($Z46)),1,0)) -> 1 | R46: =SUM(IF(AND(ISNUMBER(INDIRECT($U46)),INDIRECT($U46)<INDIRECT($X46)),1,0),IF(AND(ISNUMBER(INDIRECT($V46)),INDIRECT($V46)<INDIRECT($Y46)),1,0),IF(AND(ISNUMBER(INDIRECT($W46)),INDIRECT($W46)<INDIRECT($Z46)),1,0)) -> 0 | U46: E45 | V46: E48 | W46: C50 | X46: =IF(ISNUMBER(FIND("C", U46, 1)), SUBSTITUTE(U46, "C", "E"), SUBSTITUTE(U46, "E", "C")) -> C45 | Y46: =IF(ISNUMBER(FIND("C", V46, 1)), SUBSTITUTE(V46, "C", "E"), SUBSTITUTE(V46, "E", "C")) -> C48 | Z46: =IF(ISNUMBER(FIND("C", W46, 1)), SUBSTITUTE(W46, "C", "E"), SUBSTITUTE(W46, "E", "C")) -> E50
B47: =APOSTAS!B47 -> Holanda | D47: =APOSTAS!D47 -> x | F47: =APOSTAS!F47 -> Suécia | H47: 46193 | I47: 0.58333333 | K47: =APOSTAS!K48 -> Suécia | L47: =SUM(IF(AND(ISNUMBER(INDIRECT($U47)),INDIRECT($U47)>INDIRECT($X47)),3,IF(AND(ISNUMBER(INDIRECT($U47)),INDIRECT($U47)=INDIRECT($X47)),1,0)),IF(AND(ISNUMBER(INDIRECT($V47)),INDIRECT($V47)>INDIRECT($Y47)),3,IF(AND(ISNUMBER(INDIRECT($V47)),INDIRECT($V47)=INDIRECT($Y47)),1,0)),IF(AND(ISNUMBER(INDIRECT($W47)),INDIRECT($W47)>INDIRECT($Z47)),3,IF(AND(ISNUMBER(INDIRECT($W47)),INDIRECT($W47)=INDIRECT($Z47)),1,0))) -> 3 | M47: =N47-O47 -> 4 | N47: =SUM(INDIRECT($U47),INDIRECT($V47),INDIRECT($W47)) -> 5 | O47: =SUM(INDIRECT($X47),INDIRECT($Y47),INDIRECT($Z47)) -> 1 | P47: =SUM(IF(AND(ISNUMBER(INDIRECT($U47)),INDIRECT($U47)>INDIRECT($X47)),1,0),IF(AND(ISNUMBER(INDIRECT($V47)),INDIRECT($V47)>INDIRECT($Y47)),1,0),IF(AND(ISNUMBER(INDIRECT($W47)),INDIRECT($W47)>INDIRECT($Z47)),1,0)) -> 1 | Q47: =SUM(IF(AND(ISNUMBER(INDIRECT($U47)),INDIRECT($U47)=INDIRECT($X47)),1,0),IF(AND(ISNUMBER(INDIRECT($V47)),INDIRECT($V47)=INDIRECT($Y47)),1,0),IF(AND(ISNUMBER(INDIRECT($W47)),INDIRECT($W47)=INDIRECT($Z47)),1,0)) -> 0 | R47: =SUM(IF(AND(ISNUMBER(INDIRECT($U47)),INDIRECT($U47)<INDIRECT($X47)),1,0),IF(AND(ISNUMBER(INDIRECT($V47)),INDIRECT($V47)<INDIRECT($Y47)),1,0),IF(AND(ISNUMBER(INDIRECT($W47)),INDIRECT($W47)<INDIRECT($Z47)),1,0)) -> 0 | U47: C46 | V47: E47 | W47: E50 | X47: =IF(ISNUMBER(FIND("C", U47, 1)), SUBSTITUTE(U47, "C", "E"), SUBSTITUTE(U47, "E", "C")) -> E46 | Y47: =IF(ISNUMBER(FIND("C", V47, 1)), SUBSTITUTE(V47, "C", "E"), SUBSTITUTE(V47, "E", "C")) -> C47 | Z47: =IF(ISNUMBER(FIND("C", W47, 1)), SUBSTITUTE(W47, "C", "E"), SUBSTITUTE(W47, "E", "C")) -> C50
B48: =APOSTAS!B48 -> Tunísia | D48: =APOSTAS!D48 -> x | F48: =APOSTAS!F48 -> Japão | H48: 46194 | I48: 0.041666667 | K48: =APOSTAS!K49 -> Tunísia | L48: =SUM(IF(AND(ISNUMBER(INDIRECT($U48)),INDIRECT($U48)>INDIRECT($X48)),3,IF(AND(ISNUMBER(INDIRECT($U48)),INDIRECT($U48)=INDIRECT($X48)),1,0)),IF(AND(ISNUMBER(INDIRECT($V48)),INDIRECT($V48)>INDIRECT($Y48)),3,IF(AND(ISNUMBER(INDIRECT($V48)),INDIRECT($V48)=INDIRECT($Y48)),1,0)),IF(AND(ISNUMBER(INDIRECT($W48)),INDIRECT($W48)>INDIRECT($Z48)),3,IF(AND(ISNUMBER(INDIRECT($W48)),INDIRECT($W48)=INDIRECT($Z48)),1,0))) -> 0 | M48: =N48-O48 -> -4 | N48: =SUM(INDIRECT($U48),INDIRECT($V48),INDIRECT($W48)) -> 1 | O48: =SUM(INDIRECT($X48),INDIRECT($Y48),INDIRECT($Z48)) -> 5 | P48: =SUM(IF(AND(ISNUMBER(INDIRECT($U48)),INDIRECT($U48)>INDIRECT($X48)),1,0),IF(AND(ISNUMBER(INDIRECT($V48)),INDIRECT($V48)>INDIRECT($Y48)),1,0),IF(AND(ISNUMBER(INDIRECT($W48)),INDIRECT($W48)>INDIRECT($Z48)),1,0)) -> 0 | Q48: =SUM(IF(AND(ISNUMBER(INDIRECT($U48)),INDIRECT($U48)=INDIRECT($X48)),1,0),IF(AND(ISNUMBER(INDIRECT($V48)),INDIRECT($V48)=INDIRECT($Y48)),1,0),IF(AND(ISNUMBER(INDIRECT($W48)),INDIRECT($W48)=INDIRECT($Z48)),1,0)) -> 0 | R48: =SUM(IF(AND(ISNUMBER(INDIRECT($U48)),INDIRECT($U48)<INDIRECT($X48)),1,0),IF(AND(ISNUMBER(INDIRECT($V48)),INDIRECT($V48)<INDIRECT($Y48)),1,0),IF(AND(ISNUMBER(INDIRECT($W48)),INDIRECT($W48)<INDIRECT($Z48)),1,0)) -> 1 | U48: E46 | V48: C48 | W48: C49 | X48: =IF(ISNUMBER(FIND("C", U48, 1)), SUBSTITUTE(U48, "C", "E"), SUBSTITUTE(U48, "E", "C")) -> C46 | Y48: =IF(ISNUMBER(FIND("C", V48, 1)), SUBSTITUTE(V48, "C", "E"), SUBSTITUTE(V48, "E", "C")) -> E48 | Z48: =IF(ISNUMBER(FIND("C", W48, 1)), SUBSTITUTE(W48, "C", "E"), SUBSTITUTE(W48, "E", "C")) -> E49
B49: =APOSTAS!B49 -> Tunísia | D49: =APOSTAS!D49 -> x | F49: =APOSTAS!F49 -> Holanda | H49: 46198 | I49: 0.83333333
B50: =APOSTAS!B50 -> Japão | D50: =APOSTAS!D50 -> x | F50: =APOSTAS!F50 -> Suécia | H50: 46198 | I50: 0.83333333
B52: GRUPO G | H52: DIA | I52: HORA | L52: P | M52: SG | N52: GP | O52: GC | P52: V | Q52: E | R52: D
B53: =APOSTAS!B53 -> Bélgica | C53: 1 | D53: =APOSTAS!D53 -> x | E53: 1 | F53: =APOSTAS!F53 -> Egito | H53: 46188 | I53: 0.66666667 | K53: =APOSTAS!K54 -> Bélgica | L53: =SUM(IF(AND(ISNUMBER(INDIRECT($U53)),INDIRECT($U53)>INDIRECT($X53)),3,IF(AND(ISNUMBER(INDIRECT($U53)),INDIRECT($U53)=INDIRECT($X53)),1,0)),IF(AND(ISNUMBER(INDIRECT($V53)),INDIRECT($V53)>INDIRECT($Y53)),3,IF(AND(ISNUMBER(INDIRECT($V53)),INDIRECT($V53)=INDIRECT($Y53)),1,0)),IF(AND(ISNUMBER(INDIRECT($W53)),INDIRECT($W53)>INDIRECT($Z53)),3,IF(AND(ISNUMBER(INDIRECT($W53)),INDIRECT($W53)=INDIRECT($Z53)),1,0))) -> 1 | M53: =N53-O53 -> 0 | N53: =SUM(INDIRECT($U53),INDIRECT($V53),INDIRECT($W53)) -> 1 | O53: =SUM(INDIRECT($X53),INDIRECT($Y53),INDIRECT($Z53)) -> 1 | P53: =SUM(IF(AND(ISNUMBER(INDIRECT($U53)),INDIRECT($U53)>INDIRECT($X53)),1,0),IF(AND(ISNUMBER(INDIRECT($V53)),INDIRECT($V53)>INDIRECT($Y53)),1,0),IF(AND(ISNUMBER(INDIRECT($W53)),INDIRECT($W53)>INDIRECT($Z53)),1,0)) -> 0 | Q53: =SUM(IF(AND(ISNUMBER(INDIRECT($U53)),INDIRECT($U53)=INDIRECT($X53)),1,0),IF(AND(ISNUMBER(INDIRECT($V53)),INDIRECT($V53)=INDIRECT($Y53)),1,0),IF(AND(ISNUMBER(INDIRECT($W53)),INDIRECT($W53)=INDIRECT($Z53)),1,0)) -> 1 | R53: =SUM(IF(AND(ISNUMBER(INDIRECT($U53)),INDIRECT($U53)<INDIRECT($X53)),1,0),IF(AND(ISNUMBER(INDIRECT($V53)),INDIRECT($V53)<INDIRECT($Y53)),1,0),IF(AND(ISNUMBER(INDIRECT($W53)),INDIRECT($W53)<INDIRECT($Z53)),1,0)) -> 0 | U53: C53 | V53: C55 | W53: E58 | X53: =IF(ISNUMBER(FIND("C", U53, 1)), SUBSTITUTE(U53, "C", "E"), SUBSTITUTE(U53, "E", "C")) -> E53 | Y53: =IF(ISNUMBER(FIND("C", V53, 1)), SUBSTITUTE(V53, "C", "E"), SUBSTITUTE(V53, "E", "C")) -> E55 | Z53: =IF(ISNUMBER(FIND("C", W53, 1)), SUBSTITUTE(W53, "C", "E"), SUBSTITUTE(W53, "E", "C")) -> C58
B54: =APOSTAS!B54 -> Irã | C54: 2 | D54: =APOSTAS!D54 -> x | E54: 2 | F54: =APOSTAS!F54 -> Nova Zelândia | H54: 46188 | I54: 0.91666667 | K54: =APOSTAS!K55 -> Egito | L54: =SUM(IF(AND(ISNUMBER(INDIRECT($U54)),INDIRECT($U54)>INDIRECT($X54)),3,IF(AND(ISNUMBER(INDIRECT($U54)),INDIRECT($U54)=INDIRECT($X54)),1,0)),IF(AND(ISNUMBER(INDIRECT($V54)),INDIRECT($V54)>INDIRECT($Y54)),3,IF(AND(ISNUMBER(INDIRECT($V54)),INDIRECT($V54)=INDIRECT($Y54)),1,0)),IF(AND(ISNUMBER(INDIRECT($W54)),INDIRECT($W54)>INDIRECT($Z54)),3,IF(AND(ISNUMBER(INDIRECT($W54)),INDIRECT($W54)=INDIRECT($Z54)),1,0))) -> 1 | M54: =N54-O54 -> 0 | N54: =SUM(INDIRECT($U54),INDIRECT($V54),INDIRECT($W54)) -> 1 | O54: =SUM(INDIRECT($X54),INDIRECT($Y54),INDIRECT($Z54)) -> 1 | P54: =SUM(IF(AND(ISNUMBER(INDIRECT($U54)),INDIRECT($U54)>INDIRECT($X54)),1,0),IF(AND(ISNUMBER(INDIRECT($V54)),INDIRECT($V54)>INDIRECT($Y54)),1,0),IF(AND(ISNUMBER(INDIRECT($W54)),INDIRECT($W54)>INDIRECT($Z54)),1,0)) -> 0 | Q54: =SUM(IF(AND(ISNUMBER(INDIRECT($U54)),INDIRECT($U54)=INDIRECT($X54)),1,0),IF(AND(ISNUMBER(INDIRECT($V54)),INDIRECT($V54)=INDIRECT($Y54)),1,0),IF(AND(ISNUMBER(INDIRECT($W54)),INDIRECT($W54)=INDIRECT($Z54)),1,0)) -> 1 | R54: =SUM(IF(AND(ISNUMBER(INDIRECT($U54)),INDIRECT($U54)<INDIRECT($X54)),1,0),IF(AND(ISNUMBER(INDIRECT($V54)),INDIRECT($V54)<INDIRECT($Y54)),1,0),IF(AND(ISNUMBER(INDIRECT($W54)),INDIRECT($W54)<INDIRECT($Z54)),1,0)) -> 0 | U54: E53 | V54: E56 | W54: C57 | X54: =IF(ISNUMBER(FIND("C", U54, 1)), SUBSTITUTE(U54, "C", "E"), SUBSTITUTE(U54, "E", "C")) -> C53 | Y54: =IF(ISNUMBER(FIND("C", V54, 1)), SUBSTITUTE(V54, "C", "E"), SUBSTITUTE(V54, "E", "C")) -> C56 | Z54: =IF(ISNUMBER(FIND("C", W54, 1)), SUBSTITUTE(W54, "C", "E"), SUBSTITUTE(W54, "E", "C")) -> E57
B55: =APOSTAS!B55 -> Bélgica | D55: =APOSTAS!D55 -> x | F55: =APOSTAS!F55 -> Irã | H55: 46194 | I55: 0.66666667 | K55: =APOSTAS!K56 -> Irã | L55: =SUM(IF(AND(ISNUMBER(INDIRECT($U55)),INDIRECT($U55)>INDIRECT($X55)),3,IF(AND(ISNUMBER(INDIRECT($U55)),INDIRECT($U55)=INDIRECT($X55)),1,0)),IF(AND(ISNUMBER(INDIRECT($V55)),INDIRECT($V55)>INDIRECT($Y55)),3,IF(AND(ISNUMBER(INDIRECT($V55)),INDIRECT($V55)=INDIRECT($Y55)),1,0)),IF(AND(ISNUMBER(INDIRECT($W55)),INDIRECT($W55)>INDIRECT($Z55)),3,IF(AND(ISNUMBER(INDIRECT($W55)),INDIRECT($W55)=INDIRECT($Z55)),1,0))) -> 1 | M55: =N55-O55 -> 0 | N55: =SUM(INDIRECT($U55),INDIRECT($V55),INDIRECT($W55)) -> 2 | O55: =SUM(INDIRECT($X55),INDIRECT($Y55),INDIRECT($Z55)) -> 2 | P55: =SUM(IF(AND(ISNUMBER(INDIRECT($U55)),INDIRECT($U55)>INDIRECT($X55)),1,0),IF(AND(ISNUMBER(INDIRECT($V55)),INDIRECT($V55)>INDIRECT($Y55)),1,0),IF(AND(ISNUMBER(INDIRECT($W55)),INDIRECT($W55)>INDIRECT($Z55)),1,0)) -> 0 | Q55: =SUM(IF(AND(ISNUMBER(INDIRECT($U55)),INDIRECT($U55)=INDIRECT($X55)),1,0),IF(AND(ISNUMBER(INDIRECT($V55)),INDIRECT($V55)=INDIRECT($Y55)),1,0),IF(AND(ISNUMBER(INDIRECT($W55)),INDIRECT($W55)=INDIRECT($Z55)),1,0)) -> 1 | R55: =SUM(IF(AND(ISNUMBER(INDIRECT($U55)),INDIRECT($U55)<INDIRECT($X55)),1,0),IF(AND(ISNUMBER(INDIRECT($V55)),INDIRECT($V55)<INDIRECT($Y55)),1,0),IF(AND(ISNUMBER(INDIRECT($W55)),INDIRECT($W55)<INDIRECT($Z55)),1,0)) -> 0 | U55: C54 | V55: E55 | W55: E57 | X55: =IF(ISNUMBER(FIND("C", U55, 1)), SUBSTITUTE(U55, "C", "E"), SUBSTITUTE(U55, "E", "C")) -> E54 | Y55: =IF(ISNUMBER(FIND("C", V55, 1)), SUBSTITUTE(V55, "C", "E"), SUBSTITUTE(V55, "E", "C")) -> C55 | Z55: =IF(ISNUMBER(FIND("C", W55, 1)), SUBSTITUTE(W55, "C", "E"), SUBSTITUTE(W55, "E", "C")) -> C57
B56: =APOSTAS!B56 -> Nova Zelândia | D56: =APOSTAS!D56 -> x | F56: =APOSTAS!F56 -> Egito | H56: 46194 | I56: 0.91666667 | K56: =APOSTAS!K57 -> Nova Zelândia | L56: =SUM(IF(AND(ISNUMBER(INDIRECT($U56)),INDIRECT($U56)>INDIRECT($X56)),3,IF(AND(ISNUMBER(INDIRECT($U56)),INDIRECT($U56)=INDIRECT($X56)),1,0)),IF(AND(ISNUMBER(INDIRECT($V56)),INDIRECT($V56)>INDIRECT($Y56)),3,IF(AND(ISNUMBER(INDIRECT($V56)),INDIRECT($V56)=INDIRECT($Y56)),1,0)),IF(AND(ISNUMBER(INDIRECT($W56)),INDIRECT($W56)>INDIRECT($Z56)),3,IF(AND(ISNUMBER(INDIRECT($W56)),INDIRECT($W56)=INDIRECT($Z56)),1,0))) -> 1 | M56: =N56-O56 -> 0 | N56: =SUM(INDIRECT($U56),INDIRECT($V56),INDIRECT($W56)) -> 2 | O56: =SUM(INDIRECT($X56),INDIRECT($Y56),INDIRECT($Z56)) -> 2 | P56: =SUM(IF(AND(ISNUMBER(INDIRECT($U56)),INDIRECT($U56)>INDIRECT($X56)),1,0),IF(AND(ISNUMBER(INDIRECT($V56)),INDIRECT($V56)>INDIRECT($Y56)),1,0),IF(AND(ISNUMBER(INDIRECT($W56)),INDIRECT($W56)>INDIRECT($Z56)),1,0)) -> 0 | Q56: =SUM(IF(AND(ISNUMBER(INDIRECT($U56)),INDIRECT($U56)=INDIRECT($X56)),1,0),IF(AND(ISNUMBER(INDIRECT($V56)),INDIRECT($V56)=INDIRECT($Y56)),1,0),IF(AND(ISNUMBER(INDIRECT($W56)),INDIRECT($W56)=INDIRECT($Z56)),1,0)) -> 1 | R56: =SUM(IF(AND(ISNUMBER(INDIRECT($U56)),INDIRECT($U56)<INDIRECT($X56)),1,0),IF(AND(ISNUMBER(INDIRECT($V56)),INDIRECT($V56)<INDIRECT($Y56)),1,0),IF(AND(ISNUMBER(INDIRECT($W56)),INDIRECT($W56)<INDIRECT($Z56)),1,0)) -> 0 | U56: E54 | V56: C56 | W56: C58 | X56: =IF(ISNUMBER(FIND("C", U56, 1)), SUBSTITUTE(U56, "C", "E"), SUBSTITUTE(U56, "E", "C")) -> C54 | Y56: =IF(ISNUMBER(FIND("C", V56, 1)), SUBSTITUTE(V56, "C", "E"), SUBSTITUTE(V56, "E", "C")) -> E56 | Z56: =IF(ISNUMBER(FIND("C", W56, 1)), SUBSTITUTE(W56, "C", "E"), SUBSTITUTE(W56, "E", "C")) -> E58
B57: =APOSTAS!B57 -> Egito | D57: =APOSTAS!D57 -> x | F57: =APOSTAS!F57 -> Irã | H57: 46200 | I57: 0
B58: =APOSTAS!B58 -> Nova Zelândia | D58: =APOSTAS!D58 -> x | F58: =APOSTAS!F58 -> Bélgica | H58: 46200 | I58: 0
B60: GRUPO H | H60: DIA | I60: HORA | L60: P | M60: SG | N60: GP | O60: GC | P60: V | Q60: E | R60: D
B61: =APOSTAS!B61 -> Espanha | C61: 0 | D61: =APOSTAS!D61 -> x | E61: 0 | F61: =APOSTAS!F61 -> Cabo Verde | H61: 46188 | I61: 0.54166667 | K61: =APOSTAS!K62 -> Arábia Saudita | L61: =SUM(IF(AND(ISNUMBER(INDIRECT($U61)),INDIRECT($U61)>INDIRECT($X61)),3,IF(AND(ISNUMBER(INDIRECT($U61)),INDIRECT($U61)=INDIRECT($X61)),1,0)),IF(AND(ISNUMBER(INDIRECT($V61)),INDIRECT($V61)>INDIRECT($Y61)),3,IF(AND(ISNUMBER(INDIRECT($V61)),INDIRECT($V61)=INDIRECT($Y61)),1,0)),IF(AND(ISNUMBER(INDIRECT($W61)),INDIRECT($W61)>INDIRECT($Z61)),3,IF(AND(ISNUMBER(INDIRECT($W61)),INDIRECT($W61)=INDIRECT($Z61)),1,0))) -> 1 | M61: =N61-O61 -> 0 | N61: =SUM(INDIRECT($U61),INDIRECT($V61),INDIRECT($W61)) -> 1 | O61: =SUM(INDIRECT($X61),INDIRECT($Y61),INDIRECT($Z61)) -> 1 | P61: =SUM(IF(AND(ISNUMBER(INDIRECT($U61)),INDIRECT($U61)>INDIRECT($X61)),1,0),IF(AND(ISNUMBER(INDIRECT($V61)),INDIRECT($V61)>INDIRECT($Y61)),1,0),IF(AND(ISNUMBER(INDIRECT($W61)),INDIRECT($W61)>INDIRECT($Z61)),1,0)) -> 0 | Q61: =SUM(IF(AND(ISNUMBER(INDIRECT($U61)),INDIRECT($U61)=INDIRECT($X61)),1,0),IF(AND(ISNUMBER(INDIRECT($V61)),INDIRECT($V61)=INDIRECT($Y61)),1,0),IF(AND(ISNUMBER(INDIRECT($W61)),INDIRECT($W61)=INDIRECT($Z61)),1,0)) -> 1 | R61: =SUM(IF(AND(ISNUMBER(INDIRECT($U61)),INDIRECT($U61)<INDIRECT($X61)),1,0),IF(AND(ISNUMBER(INDIRECT($V61)),INDIRECT($V61)<INDIRECT($Y61)),1,0),IF(AND(ISNUMBER(INDIRECT($W61)),INDIRECT($W61)<INDIRECT($Z61)),1,0)) -> 0 | U61: C62 | V61: E63 | W61: E65 | X61: =IF(ISNUMBER(FIND("C", U61, 1)), SUBSTITUTE(U61, "C", "E"), SUBSTITUTE(U61, "E", "C")) -> E62 | Y61: =IF(ISNUMBER(FIND("C", V61, 1)), SUBSTITUTE(V61, "C", "E"), SUBSTITUTE(V61, "E", "C")) -> C63 | Z61: =IF(ISNUMBER(FIND("C", W61, 1)), SUBSTITUTE(W61, "C", "E"), SUBSTITUTE(W61, "E", "C")) -> C65
B62: =APOSTAS!B62 -> Arábia Saudita | C62: 1 | D62: =APOSTAS!D62 -> x | E62: 1 | F62: =APOSTAS!F62 -> Uruguai | H62: 46188 | I62: 0.79166667 | K62: =APOSTAS!K63 -> Cabo Verde | L62: =SUM(IF(AND(ISNUMBER(INDIRECT($U62)),INDIRECT($U62)>INDIRECT($X62)),3,IF(AND(ISNUMBER(INDIRECT($U62)),INDIRECT($U62)=INDIRECT($X62)),1,0)),IF(AND(ISNUMBER(INDIRECT($V62)),INDIRECT($V62)>INDIRECT($Y62)),3,IF(AND(ISNUMBER(INDIRECT($V62)),INDIRECT($V62)=INDIRECT($Y62)),1,0)),IF(AND(ISNUMBER(INDIRECT($W62)),INDIRECT($W62)>INDIRECT($Z62)),3,IF(AND(ISNUMBER(INDIRECT($W62)),INDIRECT($W62)=INDIRECT($Z62)),1,0))) -> 1 | M62: =N62-O62 -> 0 | N62: =SUM(INDIRECT($U62),INDIRECT($V62),INDIRECT($W62)) -> 0 | O62: =SUM(INDIRECT($X62),INDIRECT($Y62),INDIRECT($Z62)) -> 0 | P62: =SUM(IF(AND(ISNUMBER(INDIRECT($U62)),INDIRECT($U62)>INDIRECT($X62)),1,0),IF(AND(ISNUMBER(INDIRECT($V62)),INDIRECT($V62)>INDIRECT($Y62)),1,0),IF(AND(ISNUMBER(INDIRECT($W62)),INDIRECT($W62)>INDIRECT($Z62)),1,0)) -> 0 | Q62: =SUM(IF(AND(ISNUMBER(INDIRECT($U62)),INDIRECT($U62)=INDIRECT($X62)),1,0),IF(AND(ISNUMBER(INDIRECT($V62)),INDIRECT($V62)=INDIRECT($Y62)),1,0),IF(AND(ISNUMBER(INDIRECT($W62)),INDIRECT($W62)=INDIRECT($Z62)),1,0)) -> 1 | R62: =SUM(IF(AND(ISNUMBER(INDIRECT($U62)),INDIRECT($U62)<INDIRECT($X62)),1,0),IF(AND(ISNUMBER(INDIRECT($V62)),INDIRECT($V62)<INDIRECT($Y62)),1,0),IF(AND(ISNUMBER(INDIRECT($W62)),INDIRECT($W62)<INDIRECT($Z62)),1,0)) -> 0 | U62: E61 | V62: E64 | W62: C65 | X62: =IF(ISNUMBER(FIND("C", U62, 1)), SUBSTITUTE(U62, "C", "E"), SUBSTITUTE(U62, "E", "C")) -> C61 | Y62: =IF(ISNUMBER(FIND("C", V62, 1)), SUBSTITUTE(V62, "C", "E"), SUBSTITUTE(V62, "E", "C")) -> C64 | Z62: =IF(ISNUMBER(FIND("C", W62, 1)), SUBSTITUTE(W62, "C", "E"), SUBSTITUTE(W62, "E", "C")) -> E65
B63: =APOSTAS!B63 -> Espanha | D63: =APOSTAS!D63 -> x | F63: =APOSTAS!F63 -> Arábia Saudita | H63: 46194 | I63: 0.54166667 | K63: =APOSTAS!K64 -> Espanha | L63: =SUM(IF(AND(ISNUMBER(INDIRECT($U63)),INDIRECT($U63)>INDIRECT($X63)),3,IF(AND(ISNUMBER(INDIRECT($U63)),INDIRECT($U63)=INDIRECT($X63)),1,0)),IF(AND(ISNUMBER(INDIRECT($V63)),INDIRECT($V63)>INDIRECT($Y63)),3,IF(AND(ISNUMBER(INDIRECT($V63)),INDIRECT($V63)=INDIRECT($Y63)),1,0)),IF(AND(ISNUMBER(INDIRECT($W63)),INDIRECT($W63)>INDIRECT($Z63)),3,IF(AND(ISNUMBER(INDIRECT($W63)),INDIRECT($W63)=INDIRECT($Z63)),1,0))) -> 1 | M63: =N63-O63 -> 0 | N63: =SUM(INDIRECT($U63),INDIRECT($V63),INDIRECT($W63)) -> 0 | O63: =SUM(INDIRECT($X63),INDIRECT($Y63),INDIRECT($Z63)) -> 0 | P63: =SUM(IF(AND(ISNUMBER(INDIRECT($U63)),INDIRECT($U63)>INDIRECT($X63)),1,0),IF(AND(ISNUMBER(INDIRECT($V63)),INDIRECT($V63)>INDIRECT($Y63)),1,0),IF(AND(ISNUMBER(INDIRECT($W63)),INDIRECT($W63)>INDIRECT($Z63)),1,0)) -> 0 | Q63: =SUM(IF(AND(ISNUMBER(INDIRECT($U63)),INDIRECT($U63)=INDIRECT($X63)),1,0),IF(AND(ISNUMBER(INDIRECT($V63)),INDIRECT($V63)=INDIRECT($Y63)),1,0),IF(AND(ISNUMBER(INDIRECT($W63)),INDIRECT($W63)=INDIRECT($Z63)),1,0)) -> 1 | R63: =SUM(IF(AND(ISNUMBER(INDIRECT($U63)),INDIRECT($U63)<INDIRECT($X63)),1,0),IF(AND(ISNUMBER(INDIRECT($V63)),INDIRECT($V63)<INDIRECT($Y63)),1,0),IF(AND(ISNUMBER(INDIRECT($W63)),INDIRECT($W63)<INDIRECT($Z63)),1,0)) -> 0 | U63: C61 | V63: C63 | W63: E66 | X63: =IF(ISNUMBER(FIND("C", U63, 1)), SUBSTITUTE(U63, "C", "E"), SUBSTITUTE(U63, "E", "C")) -> E61 | Y63: =IF(ISNUMBER(FIND("C", V63, 1)), SUBSTITUTE(V63, "C", "E"), SUBSTITUTE(V63, "E", "C")) -> E63 | Z63: =IF(ISNUMBER(FIND("C", W63, 1)), SUBSTITUTE(W63, "C", "E"), SUBSTITUTE(W63, "E", "C")) -> C66
